"","PATHWAY.SORTORDER","BIOCHEMICAL","SUPER.PATHWAY","SUB.PATHWAY","COMP.ID","PLATFORM","CHEMICAL.ID","RI","MASS","CAS","PUBCHEM","KEGG","Group.HMDB"
"1",1729,"1-(1-enyl-oleoyl)-GPE (P-18:1)*","Lipid","Lysoplasmalogen",44621,"LC/MS Neg",100005372,6250,462.29899,"","","",""
"2",1717,"1-(1-enyl-palmitoyl)-2-arachidonoyl-GPC (P-16:0/20:4)*","Lipid","Plasmalogen",52689,"LC/MS Pos Late",100009014,2154,766.57452,"","","",""
"3",1711,"1-(1-enyl-palmitoyl)-2-arachidonoyl-GPE (P-16:0/20:4)*","Lipid","Plasmalogen",52673,"LC/MS Pos Late",100009002,2270,724.52757,"","","",""
"4",1718,"1-(1-enyl-palmitoyl)-2-linoleoyl-GPC (P-16:0/18:2)*","Lipid","Plasmalogen",52682,"LC/MS Pos Late",100009009,2226,742.57452,"","","",""
"5",1713,"1-(1-enyl-palmitoyl)-2-oleoyl-GPC (P-16:0/18:1)*","Lipid","Plasmalogen",52478,"LC/MS Pos Late",100009007,2443,744.59017,"","","",""
"6",1707,"1-(1-enyl-palmitoyl)-2-oleoyl-GPE (P-16:0/18:1)*","Lipid","Plasmalogen",52477,"LC/MS Pos Late",100009005,2600,702.54322,"","","",""
"7",1709,"1-(1-enyl-palmitoyl)-2-palmitoyl-GPC (P-16:0/16:0)*","Lipid","Plasmalogen",52716,"LC/MS Pos Late",100009162,2454,718.57452,"","11146967","",""
"8",1727,"1-(1-enyl-palmitoyl)-GPE (P-16:0)*","Lipid","Lysoplasmalogen",39270,"LC/MS Pos Late",100003000,1558,438.2979,"","","",""
"9",1721,"1-(1-enyl-stearoyl)-2-arachidonoyl-GPE (P-18:0/20:4)*","Lipid","Plasmalogen",52475,"LC/MS Pos Late",100008999,2511,752.55887,"","9547058","","HMDB05779"
"10",1715,"1-(1-enyl-stearoyl)-2-oleoyl-GPE (P-18:0/18:1)","Lipid","Plasmalogen",52614,"LC/MS Pos Late",100008919,2950,730.57452,"144371-68-6","","",""
"11",1731,"1-(1-enyl-stearoyl)-GPE (P-18:0)*","Lipid","Lysoplasmalogen",39271,"LC/MS Neg",100003001,6500,464.31464,"","","",""
"12",1546,"1,2-dilinoleoyl-GPC (18:2/18:2)","Lipid","Phospholipid Metabolism",52603,"LC/MS Pos Late",100008903,2006,782.56944,"998-06-1","5288075","",""
"13",1486,"1,2-dioleoyl-GPC (18:1/18:1)*","Lipid","Phospholipid Metabolism",52457,"LC/MS Pos Late",100008905,2346,786.60074,"4235-95-4","10350317","",""
"14",1530,"1,2-dioleoyl-GPE (18:1/18:1)","Lipid","Phospholipid Metabolism",52609,"LC/MS Pos Late",100008906,2485,744.55378,"5/1/04","9546757","",""
"15",1526,"1,2-dioleoyl-GPG (18:1/18:1)","Lipid","Phospholipid Metabolism",19142,"LC/MS Polar",1541,715,773.53381,"67254-28-8","11846228","",""
"16",1527,"1,2-dioleoyl-GPI (18:1/18:1)","Lipid","Phospholipid Metabolism",52619,"LC/MS Polar",100008908,913,861.54985,"","","",""
"17",1535,"1,2-dioleoyl-GPS (18:1/18:1)","Lipid","Phospholipid Metabolism",19191,"LC/MS Polar",1533,909,786.52905,"6811-55-8","6438639","",""
"18",1479,"1,2-dipalmitoyl-GPC (16:0/16:0)","Lipid","Phospholipid Metabolism",19130,"LC/MS Pos Late",100000657,2365,734.56944,"63-89-8","452110","","HMDB00564"
"19",1551,"1,2-distearoyl-GPC (18:0/18:0)","Lipid","Phospholipid Metabolism",19132,"LC/MS Pos Late",100000660,3066,790.63204,"816-94-4","94190","",""
"20",1050,"10-heptadecenoate (17:1n7)","Lipid","Long Chain Fatty Acid",33971,"LC/MS Neg",100001278,5555,267.23295,"29743-97-3","5312435","","HMDB60038"
"21",1060,"10-nonadecenoate (19:1n9)","Lipid","Long Chain Fatty Acid",33972,"LC/MS Neg",100001277,5780,295.26425,"73033-09-7","5312513","","HMDB13622"
"22",1148,"15-methylpalmitate","Lipid","Fatty Acid, Branched",38768,"LC/MS Neg",100002945,5695,269.24868,"","17903417","",""
"23",1151,"17-methylstearate","Lipid","Fatty Acid, Branched",38296,"LC/MS Neg",100002356,5993,297.2799,"2724-59-6","3083779","",""
"24",1629,"1-arachidonoyl-GPC (20:4n6)*","Lipid","Lysolipid",33228,"LC/MS Pos Late",100001551,1460,544.33977,"","","C05208","HMDB10395"
"25",1655,"1-arachidonoyl-GPE (20:4n6)*","Lipid","Lysolipid",35186,"LC/MS Pos Late",100001571,1450,502.29282,"","42607465","","HMDB11517"
"26",1676,"1-arachidonoyl-GPI (20:4)*","Lipid","Lysolipid",34214,"LC/MS Neg",100001654,5482,619.28888,"","","","HMDB61690"
"27",1753,"1-arachidonylglycerol (20:4)","Lipid","Monoacylglycerol",34397,"LC/MS Neg",100001433,6450,303.23293,"35474-99-8","5282281","C13857","HMDB11572"
"28",1758,"1-docosahexaenoylglycerol (22:6)","Lipid","Monoacylglycerol",35153,"LC/MS Neg",100001481,6150,309.22236,"","","","HMDB11587"
"29",1639,"1-lignoceroyl-GPC (24:0)","Lipid","Lysolipid",49617,"LC/MS Pos Late",100002873,1907,608.46497,"325171-59-3","","",""
"30",1750,"1-linoleoylglycerol (18:2)","Lipid","Monoacylglycerol",27447,"LC/MS Neg",100001040,6477,279.23293,"2277-28-3","5283469","",""
"31",1617,"1-linoleoyl-GPC (18:2)","Lipid","Lysolipid",34419,"LC/MS Pos Late",100001395,1465,520.33977,"","11988421","C04100","HMDB10386"
"32",1651,"1-linoleoyl-GPE (18:2)*","Lipid","Lysolipid",32635,"LC/MS Neg",100001570,5900,476.27826,"","52925130","","HMDB11507"
"33",1672,"1-linoleoyl-GPI (18:2)*","Lipid","Lysolipid",36594,"LC/MS Neg",100001778,5494,595.28888,"","","",""
"34",1745,"1-margaroylglycerol (17:0)","Lipid","Monoacylglycerol",34391,"LC/MS Neg",100001429,6571,269.24858,"68002-72-2","107036","",""
"35",58,"1-methylhistidine","Amino Acid","Histidine Metabolism",30460,"LC/MS Pos Early",100001051,2755,170.09241,"332-80-9","92105","C01152","HMDB00001"
"36",74,"1-methylimidazoleacetate","Amino Acid","Histidine Metabolism",32350,"LC/MS Pos Early",100001208,2064,141.06586,"2625-49-2","75810","C05828","HMDB02820"
"37",2758,"1-methylnicotinamide","Cofactors and Vitamins","Nicotinate and Nicotinamide Metabolism",27665,"LC/MS Pos Early",55,1940,137.07094,"1005-24-9","10129985","C02918","HMDB00699"
"38",1739,"1-myristoylglycerol (14:0)","Lipid","Monoacylglycerol",35625,"LC/MS Neg",100001618,6353.3,227.20163,"75685-84-6","79050","C01885","HMDB11561"
"39",1772,"1-oleoyl-2-linoleoyl-glycerol (18:1/18:2)","Lipid","Diacylglycerol",46798,"LC/MS Pos Late",100002989,3115,636.55616,"106292-55-1","","",""
"40",1497,"1-oleoyl-2-linoleoyl-GPC (18:1/18:2)*","Lipid","Phospholipid Metabolism",52453,"LC/MS Pos Late",100008981,2165,784.58509,"","","",""
"41",1549,"1-oleoyl-2-linoleoyl-GPE (18:1/18:2)*","Lipid","Phospholipid Metabolism",52687,"LC/MS Pos Late",100009078,2270,742.53813,"","9546753","","HMDB05349"
"42",1773,"1-oleoyl-3-linoleoyl-glycerol (18:1/18:2)","Lipid","Diacylglycerol",46799,"LC/MS Pos Late",100002990,3223,636.55616,"104346-53-4","","",""
"43",1748,"1-oleoylglycerol (18:1)","Lipid","Monoacylglycerol",21184,"LC/MS Neg",100000924,6500,281.24858,"111-03-5","5283468","","HMDB11567"
"44",1614,"1-oleoyl-GPC (18:1)","Lipid","Lysolipid",48258,"LC/MS Pos Late",100001272,1540,522.35542,"19420-56-5","16081932","","HMDB02815"
"45",1647,"1-oleoyl-GPE (18:1)","Lipid","Lysolipid",35628,"LC/MS Neg",100001569,6125.1,478.29391,"89576-29-4","9547071","","HMDB11506"
"46",1694,"1-oleoyl-GPG (18:1)*","Lipid","Lysolipid",45968,"LC/MS Neg",100005716,5610,509.28849,"","","",""
"47",1670,"1-oleoyl-GPI (18:1)*","Lipid","Lysolipid",36602,"LC/MS Neg",100001777,5599,597.30453,"","","",""
"48",1679,"1-oleoyl-GPS (18:1)","Lipid","Lysolipid",19260,"LC/MS Neg",100000630,5607,522.28374,"","9547099","",""
"49",1771,"1-palmitoleoyl-2-oleoyl-glycerol (16:1/18:1)*","Lipid","Diacylglycerol",52632,"LC/MS Pos Late",100009053,3035,610.54051,"","9543694","","HMDB07131"
"50",1492,"1-palmitoleoyl-2-oleoyl-GPC (16:1/18:1)*","Lipid","Phospholipid Metabolism",52458,"LC/MS Pos Late",100008983,2155,758.56944,"","","",""
"51",1774,"1-palmitoleoyl-3-oleoyl-glycerol (16:1/18:1)*","Lipid","Diacylglycerol",52631,"LC/MS Pos Late",100009054,3154,610.54051,"","","",""
"52",1762,"1-palmitoleoylglycerol (16:1)*","Lipid","Monoacylglycerol",52431,"LC/MS Neg",100008952,6094,253.21727,"","","",""
"53",1608,"1-palmitoleoyl-GPC (16:1)*","Lipid","Lysolipid",33230,"LC/MS Pos Late",100001511,1450,494.32412,"","24779461","","HMDB10383"
"54",1488,"1-palmitoyl-2-arachidonoyl-GPC (16:0/20:4)","Lipid","Phospholipid Metabolism",52462,"LC/MS Pos Late",100008914,2091,782.56944,"35418-58-7","10747814","",""
"55",1510,"1-palmitoyl-2-arachidonoyl-GPE (16:0/20:4)*","Lipid","Phospholipid Metabolism",52464,"LC/MS Pos Late",100008990,2198,740.52248,"","9546800","","HMDB05323"
"56",1501,"1-palmitoyl-2-arachidonoyl-GPI (16:0/20:4)*","Lipid","Phospholipid Metabolism",52467,"LC/MS Polar",100008993,892,857.51855,"","","",""
"57",1482,"1-palmitoyl-2-linoleoyl-GPC (16:0/18:2)","Lipid","Phospholipid Metabolism",42446,"LC/MS Pos Late",1537,2160,758.56944,"40811-94-7","5287971","",""
"58",1512,"1-palmitoyl-2-linoleoyl-GPE (16:0/18:2)","Lipid","Phospholipid Metabolism",42449,"LC/MS Pos Late",100001870,2275,716.52248,"","9546747","","HMDB05322"
"59",1480,"1-palmitoyl-2-oleoyl-GPC (16:0/18:1)","Lipid","Phospholipid Metabolism",52461,"LC/MS Pos Late",1539,2358,760.58509,"26853-31-6;26853-31-6","6436017","",""
"60",1505,"1-palmitoyl-2-oleoyl-GPE (16:0/18:1)","Lipid","Phospholipid Metabolism",19263,"LC/MS Pos Late",1526,2509,718.53813,"26662-94-2","5283496","","HMDB05320"
"61",1562,"1-palmitoyl-2-oleoyl-GPS (16:0/18:1)","Lipid","Phospholipid Metabolism",19261,"LC/MS Pos Late",1531,2660,762.52797,"40290-44-6","5283499","C13880",""
"62",1493,"1-palmitoyl-2-palmitoleoyl-GPC (16:0/16:1)*","Lipid","Phospholipid Metabolism",52470,"LC/MS Pos Late",100008984,2160,732.55378,"","","",""
"63",1529,"1-palmitoyl-2-stearoyl-GPC (16:0/18:0)","Lipid","Phospholipid Metabolism",52616,"LC/MS Pos Late",100008921,2653,762.60074,"59403-51-9","","",""
"64",1776,"1-palmitoyl-3-linoleoyl-glycerol (16:0/18:2)*","Lipid","Diacylglycerol",52634,"LC/MS Pos Late",100009055,3197,610.54104,"","","",""
"65",1743,"1-palmitoylglycerol (16:0)","Lipid","Monoacylglycerol",21127,"LC/MS Neg",100000827,6400,255.23293,"542-44-9","14900","","HMDB31074"
"66",1606,"1-palmitoyl-GPC (16:0)","Lipid","Lysolipid",33955,"LC/MS Pos Late",100001263,1525,496.33977,"17364-16-8","86554","","HMDB10382"
"67",1642,"1-palmitoyl-GPE (16:0)","Lipid","Lysolipid",35631,"LC/MS Neg",100001567,6057.2,452.27826,"","9547069","","HMDB11503"
"68",1689,"1-palmitoyl-GPG (16:0)*","Lipid","Lysolipid",45970,"LC/MS Neg",100005717,5570,483.27284,"","3300276","",""
"69",1665,"1-palmitoyl-GPI (16:0)*","Lipid","Lysolipid",35305,"LC/MS Neg",100001655,5564,571.28888,"","","","HMDB61695"
"70",1691,"1-palmitoyl-GPS (16:0)*","Lipid","Lysolipid",46130,"LC/MS Neg",100005805,5572,496.26809,"","9547100","",""
"71",1481,"1-stearoyl-2-arachidonoyl-GPC (18:0/20:4)","Lipid","Phospholipid Metabolism",42450,"LC/MS Pos Late",100001869,2300,810.60074,"35418-59-8","16219824","",""
"72",1507,"1-stearoyl-2-arachidonoyl-GPE (18:0/20:4)","Lipid","Phospholipid Metabolism",52447,"LC/MS Pos Late",100008977,2424,768.55378,"","5289133","",""
"73",1496,"1-stearoyl-2-arachidonoyl-GPI (18:0/20:4)","Lipid","Phospholipid Metabolism",52449,"LC/MS Polar",100000616,870,885.54948,"","","",""
"74",1599,"1-stearoyl-2-arachidonoyl-GPS (18:0/20:4)","Lipid","Phosphatidylserine (PS)",52235,"LC/MS Pos Late",100001872,2565,812.54361,"","","",""
"75",1489,"1-stearoyl-2-linoleoyl-GPC (18:0/18:2)*","Lipid","Phospholipid Metabolism",52452,"LC/MS Pos Late",100008980,2380,786.60074,"","","",""
"76",1515,"1-stearoyl-2-linoleoyl-GPE (18:0/18:2)*","Lipid","Phospholipid Metabolism",52446,"LC/MS Pos Late",100008976,2522,744.55378,"","9546749","",""
"77",1569,"1-stearoyl-2-linoleoyl-GPS (18:0/18:2)","Lipid","Phospholipid Metabolism",53009,"LC/MS Pos Late",100000642,2689,788.54361,"","9547091","",""
"78",1484,"1-stearoyl-2-oleoyl-GPC (18:0/18:1)","Lipid","Phospholipid Metabolism",52438,"LC/MS Pos Late",100008904,2644,788.61639,"56421-10-4","","",""
"79",1509,"1-stearoyl-2-oleoyl-GPE (18:0/18:1)","Lipid","Phospholipid Metabolism",42448,"LC/MS Pos Late",100001856,2858,746.56944,"","","",""
"80",1600,"1-stearoyl-2-oleoyl-GPS (18:0/18:1)","Lipid","Phosphatidylserine (PS)",48494,"LC/MS Polar",100000639,901,788.54473,"","9547087","",""
"81",1612,"1-stearoyl-GPC (18:0)","Lipid","Lysolipid",33961,"LC/MS Pos Late",100001271,1606,524.37107,"19420-57-6","497299","","HMDB10384"
"82",1645,"1-stearoyl-GPE (18:0)","Lipid","Lysolipid",42398,"LC/MS Neg",100001461,6514,480.30956,"69747-55-3","9547068","","HMDB11130"
"83",1692,"1-stearoyl-GPG (18:0)","Lipid","Lysolipid",34437,"LC/MS Neg",100001462,5816,511.30414,"","","",""
"84",1668,"1-stearoyl-GPI (18:0)","Lipid","Lysolipid",19324,"LC/MS Neg",100000656,5794.3,599.32018,"796963-93-4","","","HMDB61696"
"85",1678,"1-stearoyl-GPS (18:0)*","Lipid","Lysolipid",45966,"LC/MS Neg",100004327,5800,524.29939,"","9547101","",""
"86",85,"2-aminoadipate","Amino Acid","Lysine Metabolism",6146,"LC/MS Pos Early",381,1912,162.07609,"542-32-5;1118-90-7","469","C00956","HMDB00510"
"87",1754,"2-arachidonoylglycerol (20:4)","Lipid","Monoacylglycerol",19266,"LC/MS Neg",100000584,6170,303.23293,"53847-30-6","5282280","C13856","HMDB04666"
"88",2647,"2'-deoxyadenosine 3'-monophosphate","Nucleotide","Purine Metabolism, Adenine containing",40663,"LC/MS Neg",100003420,1162,330.06089,"102832-10-0","1467","",""
"89",2646,"2'-deoxyadenosine 5'-monophosphate","Nucleotide","Purine Metabolism, Adenine containing",46333,"LC/MS Pos Early",100000485,1284,332.07545,"653-63-4","12599","C00360","HMDB00905"
"90",2729,"2'-deoxycytidine","Nucleotide","Pyrimidine Metabolism, Cytidine containing",15949,"LC/MS Neg",100000125,1492.2,226.08333,"951-77-9","13711","C00881","HMDB00014"
"91",2727,"2'-deoxycytidine 5'-monophosphate","Nucleotide","Pyrimidine Metabolism, Cytidine containing",533,"LC/MS Pos Early",298,975,308.06422,"1032-65-1","13945","C00239","HMDB01202"
"92",2677,"2'-deoxyguanosine","Nucleotide","Purine Metabolism, Guanine containing",1411,"LC/MS Pos Early",348,1890,268.10404,"961-07-9","187790","C00330","HMDB00085"
"93",2675,"2'-deoxyguanosine 5'-monophosphate (dGMP)","Nucleotide","Purine Metabolism, Guanine containing",35662,"LC/MS Pos Early",100001546,950,348.07036,"902-04-5","65059","C00362","HMDB01044"
"94",2612,"2'-deoxyinosine","Nucleotide","Purine Metabolism, (Hypo)Xanthine/Inosine containing",15076,"LC/MS Neg",100000135,1688,251.07857,"890-38-0","65058","C05512","HMDB00071"
"95",2707,"2'-deoxyuridine","Nucleotide","Pyrimidine Metabolism, Uracil containing",1412,"LC/MS Neg",536,1586,111.01997,"951-78-0","13712","C00526","HMDB00012"
"96",1165,"2-hydroxyadipate","Lipid","Fatty Acid, Dicarboxylate",31934,"LC/MS Polar",100001153,3000,161.04554,"18294-85-4","193530","C02360","HMDB00321"
"97",347,"2-hydroxybutyrate/2-hydroxyisobutyrate","Amino Acid","Methionine, Cysteine, SAM and Taurine Metabolism",52281,"LC/MS Polar",100008928,1258,103.04006,"","","",""
"98",1296,"2-hydroxydecanoate","Lipid","Fatty Acid, Monohydroxy",42489,"LC/MS Neg",100004089,4840,187.13396,"5393-81-7","21488","",""
"99",1162,"2-hydroxyglutarate","Lipid","Fatty Acid, Dicarboxylate",37253,"LC/MS Polar",100002070,3352.8,147.02989,"40951-21-1","43","C02630","HMDB00606"
"100",1338,"2-hydroxylaurate","Lipid","Fatty Acid, Monohydroxy",52916,"LC/MS Neg",100008934,5211,215.16526,"2984-55-6","97783","",""
"101",1298,"2-hydroxypalmitate","Lipid","Fatty Acid, Monohydroxy",35675,"LC/MS Neg",100001579,5511.2,271.22786,"764-67-0","92836","","HMDB31057"
"102",1299,"2-hydroxystearate","Lipid","Fatty Acid, Monohydroxy",17945,"LC/MS Neg",1239,5695,299.25917,"629-22-1","69417","C03045",""
"103",1751,"2-linoleoylglycerol (18:2)","Lipid","Monoacylglycerol",32506,"LC/MS Neg",100000987,6250,279.23293,"3443-82-1","5365676","","HMDB11538"
"104",288,"2-methylbutyrylcarnitine (C5)","Amino Acid","Leucine, Isoleucine and Valine Metabolism",45095,"LC/MS Pos Early",100001509,3035,246.16999,"31023-25-3","6426901","","HMDB00378"
"105",1027,"2-methylcitrate/homocitrate","Energy","TCA Cycle",52282,"LC/MS Neg",100008929,575,205.03538,"","","",""
"106",1230,"2-methylmalonyl carnitine","Lipid","Fatty Acid Synthesis",35482,"LC/MS Pos Early",100001596,2440,262.12852,"149181-64-6","53481628","","HMDB13133"
"107",1740,"2-myristoylglycerol (14:0)","Lipid","Monoacylglycerol",34383,"LC/MS Neg",100001408,6230,227.20163,"27214-38-6","137938","",""
"108",1749,"2-oleoylglycerol (18:1)","Lipid","Monoacylglycerol",21232,"LC/MS Neg",100000943,6300,281.24858,"3443-84-3","5319879","",""
"109",1744,"2-palmitoylglycerol (16:0)","Lipid","Monoacylglycerol",33419,"LC/MS Neg",100001048,6300,255.23293,"23470-00-0","123409","","HMDB11533"
"110",1607,"2-palmitoyl-GPC (16:0)*","Lipid","Lysolipid",35253,"LC/MS Neg",100001562,6215,570.34125,"","15061532","","HMDB61702"
"111",1646,"2-stearoyl-GPE (18:0)*","Lipid","Lysolipid",41220,"LC/MS Neg",100003901,6350,480.30956,"","","",""
"112",130,"3-(4-hydroxyphenyl)lactate","Amino Acid","Phenylalanine and Tyrosine Metabolism",32197,"LC/MS Neg",240,1379,181.05063,"6482-98-0","9378","C03672","HMDB00755"
"113",187,"3,5,3'-triiodothyronine (T3)","Amino Acid","Phenylalanine and Tyrosine Metabolism",32196,"LC/MS Neg",100000465,4844.5,649.78276,"6893-02-3;6893-02-3","5920","C02465","HMDB00265"
"114",2739,"3-aminoisobutyrate","Nucleotide","Pyrimidine Metabolism, Thymine containing",1566,"LC/MS Pos Early",1114,2215,104.07061,"10569-72-9;214139-20-5","64956","C05145","HMDB03911"
"115",1821,"3-hydroxy-3-methylglutarate","Lipid","Mevalonate Metabolism",531,"LC/MS Polar",112,2700,161.04555,"503-49-1","1662","C03761","HMDB00355"
"116",1291,"3-hydroxybutyrate (BHBA)","Lipid","Ketone Bodies",542,"LC/MS Polar",254,1443.3,103.04007,"625-72-9","441","C01089","HMDB00357"
"117",1260,"3-hydroxybutyrylcarnitine (1)","Lipid","Fatty Acid Metabolism(Acyl Carnitine)",43264,"LC/MS Pos Early",100003926,2400,248.14925,"","53481617","","HMDB13127"
"118",1261,"3-hydroxybutyrylcarnitine (2)","Lipid","Fatty Acid Metabolism(Acyl Carnitine)",52984,"LC/MS Pos Early",100009271,2340,248.14925,"","","",""
"119",1303,"3-hydroxydecanoate","Lipid","Fatty Acid, Monohydroxy",22053,"LC/MS Neg",100000997,4634.7,187.13396,"5561-87-5","26612","","HMDB02203"
"120",302,"3-hydroxyisobutyrate","Amino Acid","Leucine, Isoleucine and Valine Metabolism",1549,"LC/MS Polar",111,1619.1,103.04007,"2068-83-9","87","C06001","HMDB00336"
"121",1305,"3-hydroxylaurate","Lipid","Fatty Acid, Monohydroxy",32457,"LC/MS Neg",100001112,5175,215.16526,"53941-38-1","94216","","HMDB00387"
"122",1302,"3-hydroxyoctanoate","Lipid","Fatty Acid, Monohydroxy",22001,"LC/MS Neg",100000773,3446,159.10266,"88930-08-9","26613","","HMDB01954"
"123",1778,"3-ketosphinganine","Lipid","Sphingolipid Metabolism",34381,"LC/MS Pos Late",100001436,1400,300.28971,"18944-28-0","631","C02934","HMDB01480"
"124",299,"3-methyl-2-oxobutyrate","Amino Acid","Leucine, Isoleucine and Valine Metabolism",44526,"LC/MS Polar",100000936,911,115.04006,"3715-29-5","49","C00141","HMDB00019"
"125",287,"3-methyl-2-oxovalerate","Amino Acid","Leucine, Isoleucine and Valine Metabolism",15676,"LC/MS Neg",100000036,2064.2,129.05572,"1460-34-0;51829-07-3","47","C00671","HMDB03736"
"126",270,"3-methylglutaconate","Amino Acid","Leucine, Isoleucine and Valine Metabolism",38667,"LC/MS Polar",100002458,2579.6,143.03498,"5746-90-7","1551553","","HMDB00522"
"127",59,"3-methylhistidine","Amino Acid","Histidine Metabolism",15677,"LC/MS Pos Early",100000042,2670,170.09241,"368-16-1","64969","C01152","HMDB00479"
"128",837,"3-phosphoglycerate","Carbohydrate","Glycolysis, Gluconeogenesis, and Pyruvate Metabolism",1414,"LC/MS Neg",132,583,184.98566,"80731-10-8","724","C00597","HMDB00807"
"129",2709,"3-ureidopropionate","Nucleotide","Pyrimidine Metabolism, Uracil containing",3155,"LC/MS Pos Early",1053,875,133.06077,"462-88-4","111","C02642","HMDB00026"
"130",395,"4-acetamidobutanoate","Amino Acid","Polyamine Metabolism",1558,"LC/MS Pos Early",1113,1350,146.08117,"3025-96-5","18189","C02946","HMDB03681"
"131",400,"4-guanidinobutanoate","Amino Acid","Guanidino and Acetamido Metabolism",15681,"LC/MS Pos Early",100000096,2320,146.09241,"463-003;463-00-3","500","C01035","HMDB03464"
"132",1293,"4-hydroxybutyrate (GHB)","Lipid","Fatty Acid, Monohydroxy",34585,"LC/MS Polar",100001507,1765,103.04006,"502-85-2","10413","C00989","HMDB00710"
"133",47,"4-hydroxyglutamate","Amino Acid","Glutamate Metabolism",40499,"LC/MS Pos Early",100002544,1141,164.05535,"2485-33-8","439902","C03079","HMDB01344"
"134",414,"4-hydroxy-nonenal-glutathione","Amino Acid","Glutathione Metabolism",48504,"LC/MS Neg",100006240,3387.5,462.19156,"99927-70-5","","",""
"135",128,"4-hydroxyphenylpyruvate","Amino Acid","Phenylalanine and Tyrosine Metabolism",1669,"LC/MS Neg",1141,1690.1,179.03498,"156-39-8","979","C01179","HMDB00707"
"136",75,"4-imidazoleacetate","Amino Acid","Histidine Metabolism",32349,"LC/MS Pos Early",100001207,2055,127.05021,"645-65-8","96215","C02835","HMDB02024"
"137",258,"4-methyl-2-oxopentanoate","Amino Acid","Leucine, Isoleucine and Valine Metabolism",22116,"LC/MS Neg",100000551,2170,129.05571,"816-66-0","70","C00233","HMDB00695"
"138",2737,"5,6-dihydrothymine","Nucleotide","Pyrimidine Metabolism, Thymine containing",1418,"LC/MS Pos Early",158,1280,129.06586,"696-04-8","93556","C00906","HMDB00079"
"139",2814,"5-aminolevulinate","Cofactors and Vitamins","Hemoglobin and Porphyrin Metabolism",2290,"LC/MS Pos Early",1306,2049,132.06552,"9/2/51","137","C00430","HMDB01149"
"140",99,"5-aminovalerate","Amino Acid","Lysine Metabolism",18319,"LC/MS Pos Early",100000454,2220,118.08626,"660-88-8","138","C00431","HMDB03355"
"141",1041,"5-dodecenoate (12:1n7)","Lipid","Medium Chain Fatty Acid",33968,"LC/MS Neg",100001232,5224,197.1547,"2430-94-6","5312378","","HMDB00529"
"142",234,"5-hydroxyindoleacetate","Amino Acid","Tryptophan Metabolism",437,"LC/MS Neg",71,1510.2,190.05096,"54-16-0","1826","C05635","HMDB00763"
"143",83,"5-hydroxylysine","Amino Acid","Lysine Metabolism",15685,"LC/MS Pos Early",100000054,2790,163.10772,"13204-98-3","1029","C16741","HMDB00450"
"144",2730,"5-methyl-2'-deoxycytidine","Nucleotide","Pyrimidine Metabolism, Cytidine containing",38159,"LC/MS Pos Early",100002300,2303,242.11354,"838-07-3","440055","C03592","HMDB02224"
"145",2722,"5-methylcytidine","Nucleotide","Pyrimidine Metabolism, Cytidine containing",22119,"LC/MS Neg",100000763,1607.9,256.09389,"2140-61-6","92918","","HMDB00982"
"146",2805,"5-methyltetrahydrofolate (5MeTHF)","Cofactors and Vitamins","Folate Metabolism",18330,"LC/MS Neg",1244,1820,458.17935,"68703-91-3;68792-52-9","146","C00440","HMDB01396"
"147",391,"5-methylthioadenosine (MTA)","Amino Acid","Polyamine Metabolism",1419,"LC/MS Pos Early",212,2752,298.09684,"2457-80-9","439176","C00170","HMDB01173"
"148",2696,"5-methyluridine (ribothymidine)","Nucleotide","Pyrimidine Metabolism, Uracil containing",35136,"LC/MS Neg",100001446,1778.1,257.07791,"1463-10-1","445408","","HMDB00884"
"149",410,"5-oxoproline","Amino Acid","Glutathione Metabolism",1494,"LC/MS Neg",1021,738.5,128.03531,"98-79-3","7405","C01879","HMDB00267"
"150",850,"5-phosphoribosyl diphosphate (PRPP)","Carbohydrate","Pentose Phosphate Pathway",36840,"LC/MS Neg",166,570,308.97822,"108321-05-7","7339","C00119","HMDB00280"
"151",1377,"6-keto prostaglandin F1alpha","Lipid","Eicosanoid",20476,"LC/MS Neg",100000571,4190,369.22826,"58961-34-8;58962-34-8","5280888","C05961","HMDB02886"
"152",105,"6-oxopiperidine-2-carboxylic acid","Amino Acid","Lysine Metabolism",43231,"LC/MS Pos Early",100004499,1432,144.06552,"34622-39-4","3014237","",""
"153",846,"6-phosphogluconate","Carbohydrate","Pentose Phosphate Pathway",15442,"LC/MS Neg",100000341,583.9,275.01735,"921-62-0;53411-70-4","91493","C00345","HMDB01316"
"154",1874,"7-hydroxycholesterol (alpha or beta)","Lipid","Sterol",47890,"LC/MS Pos Late",100005999,1930,367.33594,"","","",""
"155",2663,"7-methylguanine","Nucleotide","Purine Metabolism, Guanine containing",35114,"LC/MS Pos Early",100001456,2175,166.07234,"578-76-7","11361","C02242","HMDB00897"
"156",1231,"acetyl CoA","Lipid","Fatty Acid Metabolism",43840,"LC/MS Neg",1830,1691,403.55561,"102029-73-2","444493","C00024","HMDB01206"
"157",1259,"acetylcarnitine","Lipid","Fatty Acid Metabolism(Acyl Carnitine)",32198,"LC/MS Pos Early",100000802,2282,204.12304,"5080-50-2","1","C02571","HMDB00201"
"158",1292,"acetylcholine","Lipid","Neurotransmitter",18790,"LC/MS Pos Early",1749,2220,146.11756,"60-32-1","","",""
"159",1029,"acetylphosphate","Energy","Oxidative Phosphorylation",15488,"LC/MS Polar",1211,4013.9,138.98018,"94249-01-1","186","C00227","HMDB01494"
"160",1009,"aconitate [cis or trans]","Energy","TCA Cycle",46173,"LC/MS Neg",100001359,580,173.00916,"","","C00417","HMDB00072"
"161",792,"Ac-Ser-Asp-Lys-Pro-OH","Peptide","Polypeptide",40707,"LC/MS Pos Early",100003761,2426,488.23511,"127103-11-1","4409396","",""
"162",2628,"adenine","Nucleotide","Purine Metabolism, Adenine containing",554,"LC/MS Pos Early",880,2221,136.06178,"73-24-5","190","C00147","HMDB00034"
"163",2627,"adenosine","Nucleotide","Purine Metabolism, Adenine containing",555,"LC/MS Pos Early",798,2169,268.10404,"58-61-7","60961","C00212","HMDB00050"
"164",2622,"adenosine 2'-monophosphate (2'-AMP)","Nucleotide","Purine Metabolism, Adenine containing",36815,"LC/MS Neg",100001694,1497.7,346.0558,"130-49-4","94136","C00946","HMDB11617"
"165",2623,"adenosine 3',5'-cyclic monophosphate (cAMP)","Nucleotide","Purine Metabolism, Adenine containing",2831,"LC/MS Neg",207,1952.2,328.04524,"60-92-4","6076","C00575","HMDB00058"
"166",2625,"adenosine 3',5'-diphosphate","Nucleotide","Purine Metabolism, Adenine containing",15691,"LC/MS Neg",1214,575,426.02214,"75431-54-8","159296","C00054","HMDB00061"
"167",2621,"adenosine 3'-monophosphate (3'-AMP)","Nucleotide","Purine Metabolism, Adenine containing",35142,"LC/MS Neg",100001449,1245,346.0558,"84-21-9","41211","C01367","HMDB03540"
"168",2619,"adenosine 5'-diphosphate (ADP)","Nucleotide","Purine Metabolism, Adenine containing",3108,"LC/MS Neg",208,680,426.02214,"20398-34-9","6022","C00008","HMDB01341"
"169",2766,"adenosine 5'-diphosphoribose (ADP-ribose)","Cofactors and Vitamins","Nicotinate and Nicotinamide Metabolism",558,"LC/MS Neg",215,920,558.06439,"68414-18-6","192","C00301","HMDB01178"
"170",2620,"adenosine 5'-monophosphate (AMP)","Nucleotide","Purine Metabolism, Adenine containing",32342,"LC/MS Neg",209,822,346.05581,"149022-20-8","6083","C00020","HMDB00045"
"171",879,"adenosine-5'-diphosphoglucose","Carbohydrate","Pentose Metabolism",35652,"LC/MS Neg",100001644,901.9,588.07496,"15839-70-0;102129-65-7","16500","C00498","HMDB06557"
"172",2626,"adenylosuccinate","Nucleotide","Purine Metabolism, Adenine containing",18360,"LC/MS Neg",1303,560,230.52974,"19046-78-7","195","C03794","HMDB00536"
"173",1164,"adipate","Lipid","Fatty Acid, Dicarboxylate",21134,"LC/MS Polar",100000863,3000,145.05063,"124-04-9","196","C06104","HMDB00448"
"174",1092,"adrenate (22:4n6)","Lipid","Polyunsaturated Fatty Acid (n3 and n6)",32980,"LC/MS Neg",100001193,5678,331.26425,"2091-25-0","5497181","C16527","HMDB02226"
"175",2601,"AICA ribonucleotide","Nucleotide","Purine Metabolism, (Hypo)Xanthine/Inosine containing",38325,"LC/MS Pos Early",216,797,339.07013,"3031-94-5","65110","C04677","HMDB01517"
"176",25,"alanine","Amino Acid","Alanine and Aspartate Metabolism",1126,"LC/MS Pos Early",811,1700,90.05496,"56-41-7","5950","C00041","HMDB00161"
"177",448,"alanylleucine","Peptide","Dipeptide",37093,"LC/MS Pos Early",100001890,3055,203.13902,"1638-60-4","259583","","HMDB28691"
"178",2615,"allantoin","Nucleotide","Purine Metabolism, (Hypo)Xanthine/Inosine containing",1107,"LC/MS Polar",1002,1672,157.03671,"97-59-6","204","C02350","HMDB00462"
"179",1012,"alpha-ketoglutarate","Energy","TCA Cycle",528,"LC/MS Polar",93,2700,145.01425,"305-72-6;328-50-7;22202-68-2","51","C00026","HMDB00208"
"180",2785,"alpha-tocopherol","Cofactors and Vitamins","Tocopherol Metabolism",1561,"LC/MS Pos Late",1105,2522,430.37818,"59-02-9;10191-41-0","14985","C02477","HMDB01893"
"181",222,"anthranilate","Amino Acid","Tryptophan Metabolism",4970,"LC/MS Pos Early",1258,2606,138.05496,"118-92-3","227","C00108","HMDB01123"
"182",880,"arabitol/xylitol","Carbohydrate","Pentose Metabolism",48885,"LC/MS Polar",100006430,1932.4,151.0612,"","","",""
"183",882,"arabonate/xylonate","Carbohydrate","Pentose Metabolism",48255,"LC/MS Polar",100006115,2664.6,165.04046,"","","",""
"184",1062,"arachidate (20:0)","Lipid","Long Chain Fatty Acid",1118,"LC/MS Neg",893,6295,311.29555,"506-30-9","10467","C06425","HMDB02212"
"185",1091,"arachidonate (20:4n6)","Lipid","Polyunsaturated Fatty Acid (n3 and n6)",1110,"LC/MS Neg",229,5535,303.23295,"506-32-1","444899","C00219","HMDB01043"
"186",348,"arginine","Amino Acid","Urea cycle; Arginine and Proline Metabolism",1638,"LC/MS Pos Early",231,2825,175.11896,"1119-34-2","232","C00062","HMDB00517"
"187",354,"argininosuccinate","Amino Acid","Urea cycle; Arginine and Proline Metabolism",15497,"LC/MS Pos Early",232,2745,291.12992,"156637-58-0","16950;828","C03406","HMDB00052"
"188",30,"asparagine","Amino Acid","Alanine and Aspartate Metabolism",512,"LC/MS Pos Early",917,1225,133.06077,"70-47-3","6267","C00152","HMDB00168"
"189",28,"aspartate","Amino Acid","Alanine and Aspartate Metabolism",443,"LC/MS Pos Early",234,1165,134.04479,"56-84-8","5960","C00049","HMDB00191"
"190",1174,"azelate (nonanedioate)","Lipid","Fatty Acid, Dicarboxylate",18362,"LC/MS Polar",2029,2520,187.09758,"123-99-9","2266","C08261","HMDB00784"
"191",1804,"behenoyl sphingomyelin (d18:1/22:0)*","Lipid","Sphingolipid Metabolism",48492,"LC/MS Pos Late",100006294,3083,787.66876,"","","",""
"192",2710,"beta-alanine","Nucleotide","Pyrimidine Metabolism, Uracil containing",55,"LC/MS Pos Early",244,1939,90.05496,"56-41-7;107-95-9","239","C00099","HMDB00056"
"193",3076,"beta-guanidinopropanoate","Xenobiotics","Food Component/Plant",35101,"LC/MS Pos Early",100001411,2145,132.07676,"353-09-3","67701","C03065","HMDB13222"
"194",266,"beta-hydroxyisovalerate","Amino Acid","Leucine, Isoleucine and Valine Metabolism",12129,"LC/MS Polar",1442,1149.8,117.05572,"625-08-1","69362","","HMDB00754"
"195",6,"betaine","Amino Acid","Glycine, Serine and Threonine Metabolism",3141,"LC/MS Pos Early",799,1064,118.08626,"107-43-7","247","C00719","HMDB00043"
"196",7,"betaine aldehyde","Amino Acid","Glycine, Serine and Threonine Metabolism",15499,"LC/MS Pos Early",1219,1915,120.10191,"7758-31-8","249","C00576","HMDB01252"
"197",1242,"butyrylcarnitine","Lipid","Fatty Acid Metabolism (also BCAA Metabolism)",32412,"LC/MS Pos Early",100001054,2860,232.15434,"25576-40-3","439829","C02862","HMDB02013"
"198",1286,"carnitine","Lipid","Carnitine Metabolism",15500,"LC/MS Pos Early",100000007,1978,162.11247,"461-05-2","10917","C00318","HMDB00062"
"199",434,"carnosine","Peptide","Dipeptide Derivative",1768,"LC/MS Pos Early",249,2942,227.11387,"305-84-0","439224","C00386","HMDB00033"
"200",250,"C-glycosyltryptophan","Amino Acid","Tryptophan Metabolism",48782,"LC/MS Pos Early",100006379,2685,367.14998,"180509-18-6","10981970","",""
"201",1833,"cholesterol","Lipid","Sterol",63,"LC/MS Pos Late",266,2707,369.35159,"57-88-5","11025495","C00187","HMDB00067"
"202",1467,"choline","Lipid","Phospholipid Metabolism",15506,"LC/MS Pos Early",1256,1961,104.10699,"67-48-1","305","C00114","HMDB00097"
"203",1468,"choline phosphate","Lipid","Phospholipid Metabolism",34396,"LC/MS Pos Early",267,700,184.07332,"72556-74-2","1014","C00588","HMDB01565"
"204",1007,"citrate","Energy","TCA Cycle",1564,"LC/MS Neg",1124,582,191.01973,"77-92-9","311","C00158","HMDB00094"
"205",353,"citrulline","Amino Acid","Urea cycle; Arginine and Proline Metabolism",2132,"LC/MS Pos Early",391,1520,176.10297,"372-75-8","9750","C00327","HMDB00904"
"206",2775,"coenzyme A","Cofactors and Vitamins","Pantothenate and CoA Metabolism",46322,"LC/MS Neg",270,1448,382.55033,"85-61-0;18439-24-2","317","C00010","HMDB01423"
"207",377,"creatine","Amino Acid","Creatine Metabolism",27718,"LC/MS Pos Early",1221,1947,132.07676,"57-00-1","586","C00300","HMDB00064"
"208",380,"creatine phosphate","Amino Acid","Creatine Metabolism",33951,"LC/MS Polar",100000112,3831,210.02853,"922-32-7","587","C02305","HMDB01511"
"209",378,"creatinine","Amino Acid","Creatine Metabolism",513,"LC/MS Pos Early",275,2055,114.06619,"60-27-5","588","C00791","HMDB00562"
"210",324,"cystathionine","Amino Acid","Methionine, Cysteine, SAM and Taurine Metabolism",15705,"LC/MS Pos Early",310,2270,223.07471,"535-34-2","439258","C02291","HMDB00099"
"211",329,"cysteine","Amino Acid","Methionine, Cysteine, SAM and Taurine Metabolism",1868,"LC/MS Pos Early",800,1488,122.02703,"52-90-4;56-89-3","5862","C00097","HMDB00574"
"212",337,"cysteine sulfinic acid","Amino Acid","Methionine, Cysteine, SAM and Taurine Metabolism",37443,"LC/MS Pos Early",100002113,597,154.01686,"207121-48-0","109","C00606","HMDB00996"
"213",405,"cysteine-glutathione disulfide","Amino Acid","Glutathione Metabolism",35159,"LC/MS Pos Early",100001437,2465,427.09519,"13081-14-6","4247235","","HMDB00656"
"214",408,"cysteinylglycine","Amino Acid","Glutathione Metabolism",35637,"LC/MS Pos Early",278,2132,179.0485,"19246-18-5","439498","C01419","HMDB00078"
"215",2719,"cytidine","Nucleotide","Pyrimidine Metabolism, Cytidine containing",514,"LC/MS Pos Early",827,2124,244.0928,"65-46-3","6175","C00475","HMDB00089"
"216",2718,"cytidine 2',3'-cyclic monophosphate","Nucleotide","Pyrimidine Metabolism, Cytidine containing",37465,"LC/MS Neg",73,937,304.03401,"15718-51-1","417654","C02354","HMDB11691"
"217",2717,"cytidine 3'-monophosphate (3'-CMP)","Nucleotide","Pyrimidine Metabolism, Cytidine containing",2959,"LC/MS Pos Early",105,920,324.05914,"84-52-6","66535","C05822",""
"218",1469,"cytidine 5'-diphosphocholine","Lipid","Phospholipid Metabolism",34418,"LC/MS Pos Early",1220,725,489.11461,"33818-15-4","13804","C00307","HMDB01413"
"219",2716,"cytidine 5'-monophosphate (5'-CMP)","Nucleotide","Pyrimidine Metabolism, Cytidine containing",2372,"LC/MS Pos Early",282,835,324.05914,"63-37-6","6131","C00055","HMDB00095"
"220",967,"cytidine 5'-monophospho-N-acetylneuraminic acid","Carbohydrate","Nucleotide Sugar",36831,"LC/MS Polar",1223,3900,613.13999,"3063-71-6","448209","C00128","HMDB01176"
"221",2715,"cytidine diphosphate","Nucleotide","Pyrimidine Metabolism, Cytidine containing",2841,"LC/MS Neg",280,580,402.01091,"34393-59-4","6132","C00112","HMDB01546"
"222",2714,"cytidine triphosphate","Nucleotide","Pyrimidine Metabolism, Cytidine containing",2844,"LC/MS Neg",281,575,481.97724,"36051-68-0","6176","C00063","HMDB00082"
"223",1475,"cytidine-5'-diphosphoethanolamine","Lipid","Phospholipid Metabolism",34410,"LC/MS Pos Early",100001407,707,447.06766,"72842-05-8","123727","C00570","HMDB01564"
"224",1285,"deoxycarnitine","Lipid","Carnitine Metabolism",36747,"LC/MS Pos Early",100001662,2052,146.11756,"6249-56-5","134","C01181","HMDB01161"
"225",1095,"dihomo-linoleate (20:2n6)","Lipid","Polyunsaturated Fatty Acid (n3 and n6)",17805,"LC/MS Neg",1231,5730,307.26425,"2091-39-6","6439848","C16525","HMDB05060"
"226",1090,"dihomo-linolenate (20:3n3 or n6)","Lipid","Polyunsaturated Fatty Acid (n3 and n6)",35718,"LC/MS Neg",100001739,5596,305.2486,"17046-59-2","5280581","C03242","HMDB02925"
"227",832,"dihydroxyacetone phosphate (DHAP)","Carbohydrate","Glycolysis, Gluconeogenesis, and Pyruvate Metabolism",15522,"LC/MS Neg",309,603,168.99075,"102783-56-2","668","C00111","HMDB01473"
"228",360,"dimethylarginine (SDMA + ADMA)","Amino Acid","Urea cycle; Arginine and Proline Metabolism",36808,"LC/MS Pos Early",100001810,2850,203.15026,"102783-24-4","123831","C03626","HMDB01539"
"229",5,"dimethylglycine","Amino Acid","Glycine, Serine and Threonine Metabolism",5086,"LC/MS Pos Early",806,1104,104.07061,"1118-68-9","673","C01026","HMDB00092"
"230",1094,"docosadienoate (22:2n6)","Lipid","Polyunsaturated Fatty Acid (n3 and n6)",32415,"LC/MS Neg",100001182,6034,335.29555,"7370-49-2","5282807","C16533","HMDB61714"
"231",1082,"docosahexaenoate (DHA; 22:6n3)","Lipid","Polyunsaturated Fatty Acid (n3 and n6)",44675,"LC/MS Neg",100000665,5525,327.23295,"6217-54-5","445580","C06429","HMDB02183"
"232",1081,"docosapentaenoate (n3 DPA; 22:5n3)","Lipid","Polyunsaturated Fatty Acid (n3 and n6)",32504,"LC/MS Neg",100001181,5571,329.2486,"2234-74-4","6441454","C16513","HMDB01976"
"233",1093,"docosapentaenoate (n6 DPA; 22:5n6)","Lipid","Polyunsaturated Fatty Acid (n3 and n6)",37478,"LC/MS Neg",100001580,5624.5,329.2486,"25182-74-5","6441454","C16513","HMDB01976"
"234",1080,"eicosapentaenoate (EPA; 20:5n3)","Lipid","Polyunsaturated Fatty Acid (n3 and n6)",18467,"LC/MS Neg",2050,5450,301.2173,"10-2005-9;10417-94-4","446284","C06428","HMDB01999"
"235",1065,"eicosenoate (20:1)","Lipid","Long Chain Fatty Acid",33587,"LC/MS Neg",100001335,5950,309.2799,"","5282768","","HMDB02231"
"236",3122,"ergothioneine","Xenobiotics","Food Component/Plant",37459,"LC/MS Pos Early",100002154,850,230.09578,"58511-63-0","3032311","C05570","HMDB03045"
"237",1069,"erucate (22:1n9)","Lipid","Long Chain Fatty Acid",1552,"LC/MS Neg",1087,6355.6,337.3112,"112-86-7","5281116","C08316","HMDB02068"
"238",3124,"erythritol","Xenobiotics","Food Component/Plant",20699,"LC/MS Polar",100000846,1491,167.05611,"149-32-6","222285","C00503","HMDB02994"
"239",1000,"erythronate*","Carbohydrate","Aminosugar Metabolism",42420,"LC/MS Polar",100001320,2186,135.02989,"88759-55-1","2781043","","HMDB00613"
"240",295,"ethylmalonate","Amino Acid","Leucine, Isoleucine and Valine Metabolism",15765,"LC/MS Polar",2054,2785,131.03498,"601-75-2","11756","","HMDB00622"
"241",2769,"flavin adenine dinucleotide (FAD)","Cofactors and Vitamins","Riboflavin Metabolism",2134,"LC/MS Neg",327,2425,784.14985,"146-14-5;84366-81-4","643975","C00016","HMDB01248"
"242",2770,"flavin mononucleotide (FMN)","Cofactors and Vitamins","Riboflavin Metabolism",15797,"LC/MS Neg",100000251,2390,455.09733,"130-40-5","710","C00061","HMDB01520"
"243",927,"fructose","Carbohydrate","Fructose, Mannose and Galactose Metabolism",48195,"LC/MS Polar",878,2022.2,225.06159,"57-48-7","5984","C00095","HMDB00660"
"244",1016,"fumarate","Energy","TCA Cycle",1643,"LC/MS Polar",330,3084,115.00368,"100-17-8","444972","C00122","HMDB00134"
"245",951,"galactonate","Carbohydrate","Fructose, Mannose and Galactose Metabolism",27719,"LC/MS Polar",100001026,3085,195.05102,"299-28-5","128869","C00880","HMDB00565"
"246",944,"galactose 1-phosphate","Carbohydrate","Fructose, Mannose and Galactose Metabolism",15706,"LC/MS Polar",100000300,4552,259.02244,"19046-60-7","123912","C00446","HMDB00645"
"247",44,"gamma-aminobutyrate (GABA)","Amino Acid","Glutamate Metabolism",1416,"LC/MS Pos Early",141,2048,104.07061,"56-12-2","119","C00334","HMDB00112"
"248",433,"gamma-glutamyl-2-aminobutyrate","Peptide","Gamma-glutamyl Amino Acid",37092,"LC/MS Pos Early",100001502,2380,233.1132,"","","",""
"249",418,"gamma-glutamylalanine","Peptide","Gamma-glutamyl Amino Acid",37063,"LC/MS Pos Early",100001843,1986,219.09755,"5875-41-2","440103","","HMDB29142"
"250",419,"gamma-glutamylcysteine","Peptide","Gamma-glutamyl Amino Acid",1778,"LC/MS Pos Early",1036,2118,251.06963,"636-58-8","842","C00669","HMDB01049"
"251",426,"gamma-glutamyl-epsilon-lysine","Peptide","Gamma-glutamyl Amino Acid",33934,"LC/MS Pos Early",100001262,2717,276.1554,"17105-15-6","65254;14284565","","HMDB03869"
"252",420,"gamma-glutamylglutamate","Peptide","Gamma-glutamyl Amino Acid",36738,"LC/MS Pos Early",331,1775,277.10303,"1116-22-9","92865","C05282","HMDB11737"
"253",421,"gamma-glutamylglutamine","Peptide","Gamma-glutamyl Amino Acid",2730,"LC/MS Pos Early",1140,1430,276.11902,"10148-81-9","150914","C05283","HMDB11738"
"254",422,"gamma-glutamylglycine","Peptide","Gamma-glutamyl Amino Acid",33949,"LC/MS Pos Early",100001294,1535,205.0819,"1948-29-4","165527","","HMDB11667"
"255",423,"gamma-glutamylhistidine","Peptide","Gamma-glutamyl Amino Acid",18245,"LC/MS Pos Early",1235,2740,285.11935,"37460-15-4","7017195","",""
"256",424,"gamma-glutamylisoleucine*","Peptide","Gamma-glutamyl Amino Acid",34456,"LC/MS Pos Early",100001485,2940,261.1445,"","14253342","","HMDB11170"
"257",425,"gamma-glutamylleucine","Peptide","Gamma-glutamyl Amino Acid",18369,"LC/MS Pos Early",1268,2991,261.1445,"2566-39-4","151023","","HMDB11171"
"258",427,"gamma-glutamylmethionine","Peptide","Gamma-glutamyl Amino Acid",44872,"LC/MS Pos Early",100001313,2640,279.10092,"17663-87-5","7009567","","HMDB29155"
"259",428,"gamma-glutamylphenylalanine","Peptide","Gamma-glutamyl Amino Acid",33422,"LC/MS Pos Early",100000491,2992,295.12885,"7432-24-8","111299","","HMDB00594"
"260",429,"gamma-glutamylthreonine*","Peptide","Gamma-glutamyl Amino Acid",33364,"LC/MS Pos Early",100001314,1750,249.10812,"5652-48-2","","","HMDB29159"
"261",431,"gamma-glutamyltyrosine","Peptide","Gamma-glutamyl Amino Acid",2734,"LC/MS Neg",1102,1240,309.10921,"7432-23-7","94340","","HMDB11741"
"262",432,"gamma-glutamylvaline","Peptide","Gamma-glutamyl Amino Acid",43829,"LC/MS Pos Early",100001126,2700,247.12885,"2746-34-1","7015683","","HMDB11172"
"263",3055,"gluconate","Xenobiotics","Food Component/Plant",587,"LC/MS Polar",338,2922,195.05102,"527-07-1","10690","C00257","HMDB00625"
"264",973,"glucosamine-6-phosphate","Carbohydrate","Aminosugar Metabolism",580,"LC/MS Polar",290,4521.5,258.03843,"3616-42-0","439217","C00352","HMDB01254"
"265",823,"glucose","Carbohydrate","Glycolysis, Gluconeogenesis, and Pyruvate Metabolism",48152,"LC/MS Polar",572,2342,225.06159,"50-99-7","79025","C00031","HMDB00122"
"266",824,"glucose 6-phosphate","Carbohydrate","Glycolysis, Gluconeogenesis, and Pyruvate Metabolism",31260,"LC/MS Polar",291,4537,259.02244,"103192-55-8","5958","C00668","HMDB01401"
"267",977,"glucuronate","Carbohydrate","Aminosugar Metabolism",15443,"LC/MS Polar",100000257,3233.3,193.03537,"207300-70-7","444791","C00191","HMDB00127"
"268",970,"glucuronate 1-phosphate*","Carbohydrate","Nucleotide Sugar",52312,"LC/MS Neg",100001585,560,273.0017,"13168-11-1","","C04037,C01195,C05385","HMDB03976"
"269",39,"glutamate","Amino Acid","Glutamate Metabolism",57,"LC/MS Pos Early",561,1500,148.06044,"56-86-0","611","C00025","HMDB00148"
"270",50,"glutamate, gamma-methyl ester","Amino Acid","Glutamate Metabolism",33487,"LC/MS Pos Early",100001103,2170,162.07609,"1499-55-4","68662","",""
"271",40,"glutamine","Amino Acid","Glutamate Metabolism",53,"LC/MS Pos Early",563,1291,147.07642,"56-85-9","5961","C00064","HMDB00641"
"272",547,"glutamine-leucine","Peptide","Dipeptide",42994,"LC/MS Pos Early",100003160,3009,260.16049,"","","",""
"273",88,"glutarate (pentanedioate)","Amino Acid","Lysine Metabolism",396,"LC/MS Polar",339,2900,131.03498,"110-94-1","743","C00489","HMDB00661"
"274",403,"glutathione, oxidized (GSSG)","Amino Acid","Glutathione Metabolism",27727,"LC/MS Pos Early",448,2667,613.15925,"103239-24-3","65359","C00127","HMDB03337"
"275",402,"glutathione, reduced (GSH)","Amino Acid","Glutathione Metabolism",2127,"LC/MS Pos Early",496,2000,308.09109,"70-18-8","124886","C00051","HMDB00125"
"276",843,"glycerate","Carbohydrate","Glycolysis, Gluconeogenesis, and Pyruvate Metabolism",1572,"LC/MS Polar",1052,2070.4,105.01933,"600-19-1","752","C00258","HMDB00139"
"277",1732,"glycerol","Lipid","Glycerolipid Metabolism",15122,"LC/MS Neg",1254,758,91.04007,"56-81-5","753","C00116","HMDB00131"
"278",1733,"glycerol 3-phosphate","Lipid","Glycerolipid Metabolism",43847,"LC/MS Pos Early",100000258,580,173.02095,"29849-82-9","754","C00093","HMDB00126"
"279",1476,"glycerophosphoethanolamine","Lipid","Phospholipid Metabolism",37455,"LC/MS Polar",100001620,3075,214.04859,"33049-08-0","123874","C01233","HMDB00114"
"280",1738,"glycerophosphoglycerol","Lipid","Glycerolipid Metabolism",48857,"LC/MS Polar",100001619,2430,245.04317,"","439964","C03274",""
"281",1478,"glycerophosphoinositol*","Lipid","Phospholipid Metabolism",47155,"LC/MS Polar",100001621,3850,333.05922,"16824-65-0","","",""
"282",1470,"glycerophosphorylcholine (GPC)","Lipid","Phospholipid Metabolism",15990,"LC/MS Pos Early",100000269,672,258.1101,"28319-77-9","71920","C00670","HMDB00086"
"283",1,"glycine","Amino Acid","Glycine, Serine and Threonine Metabolism",58,"LC/MS Pos Early",340,1375,76.03931,"56-40-6","750","C00037","HMDB00123"
"284",1817,"glycosyl-N-palmitoyl-sphingosine","Lipid","Sphingolipid Metabolism",53013,"LC/MS Pos Late",100009272,2623,700.5722,"","","",""
"285",1816,"glycosyl-N-stearoyl-sphingosine","Lipid","Sphingolipid Metabolism",52234,"LC/MS Pos Late",100001882,3053,728.6035,"","","",""
"286",559,"glycylisoleucine","Peptide","Dipeptide",36659,"LC/MS Pos Early",100001790,3002,189.12337,"19461-38-2","88079","","HMDB28844"
"287",560,"glycylleucine","Peptide","Dipeptide",34398,"LC/MS Pos Early",100001258,3059,189.12337,"869-19-2","92843","C02155","HMDB00759"
"288",570,"glycylvaline","Peptide","Dipeptide",18357,"LC/MS Pos Early",100000487,2734,175.10772,"1963-21-9","97417","","HMDB28854"
"289",383,"guanidinoacetate","Amino Acid","Creatine Metabolism",43802,"LC/MS Pos Early",344,1937,118.06111,"352-97-6","763","C00581","HMDB00128"
"290",2661,"guanine","Nucleotide","Purine Metabolism, Guanine containing",32352,"LC/MS Pos Early",172,2032,152.05669,"73-40-5","764","C00242","HMDB00132"
"291",2660,"guanosine","Nucleotide","Purine Metabolism, Guanine containing",1573,"LC/MS Pos Early",1099,1728,284.09895,"118-00-3","6802","C00387","HMDB00133"
"292",2678,"guanosine 2'-monophosphate (2'-GMP)*","Nucleotide","Purine Metabolism, Guanine containing",52442,"LC/MS Neg",100002733,1241,362.05116,"","444571","",""
"293",2656,"guanosine 3'-monophosphate (3'-GMP)","Nucleotide","Purine Metabolism, Guanine containing",39786,"LC/MS Neg",100002704,773.9,362.05072,"117-68-0","3522","",""
"294",2654,"guanosine 5'- diphosphate (GDP)","Nucleotide","Purine Metabolism, Guanine containing",2848,"LC/MS Neg",346,639,442.01706,"43139-22-6","8977","C00035","HMDB01201"
"295",2655,"guanosine 5'- monophosphate (5'-GMP)","Nucleotide","Purine Metabolism, Guanine containing",2849,"LC/MS Pos Early",347,800,364.06528,"12/9/50","6804","C00144","HMDB01397"
"296",962,"guanosine 5'-diphospho-fucose","Carbohydrate","Nucleotide Sugar",15903,"LC/MS Neg",335,755,588.07497,"15839-70-0","","",""
"297",2653,"guanosine 5'-triphosphate","Nucleotide","Purine Metabolism, Guanine containing",2847,"LC/MS Neg",345,592,521.98338,"373-49-9","6830","C00044","HMDB01273"
"298",2784,"gulonic acid*","Cofactors and Vitamins","Ascorbate and Aldarate Metabolism",46957,"LC/MS Polar",100001586,2750,195.05102,"20246-53-1","9794176","",""
"299",2820,"heme","Cofactors and Vitamins","Hemoglobin and Porphyrin Metabolism",41754,"LC/MS Pos Late",100001386,1124,616.1762,"14875-96-8","26945","C00032","HMDB03178"
"301",1263,"hexanoylcarnitine","Lipid","Fatty Acid Metabolism(Acyl Carnitine)",32328,"LC/MS Pos Early",100000781,3308,260.18564,"6920-35-0","6426853","","HMDB00705"
"302",2851,"hippurate","Xenobiotics","Benzoate Metabolism",15753,"LC/MS Neg",100000014,2106.9,178.05096,"495-69-2","464","C01586","HMDB00714"
"303",56,"histidine","Amino Acid","Histidine Metabolism",59,"LC/MS Pos Early",355,2707,156.07676,"5934-29-2","6274","C00135","HMDB00177"
"304",356,"homocitrulline","Amino Acid","Urea cycle; Arginine and Proline Metabolism",22138,"LC/MS Pos Early",100000963,1908,190.11862,"1190-49-4","65072","C02427","HMDB00679"
"305",321,"homocysteine","Amino Acid","Methionine, Cysteine, SAM and Taurine Metabolism",15128,"LC/MS Pos Early",311,2155,136.04268,"454-29-5","778","C00155","HMDB00742"
"306",3146,"homostachydrine*","Xenobiotics","Food Component/Plant",33009,"LC/MS Pos Early",100001550,1750,158.11756,"1195-94-4","441447","C08283","HMDB33433"
"307",339,"hypotaurine","Amino Acid","Methionine, Cysteine, SAM and Taurine Metabolism",590,"LC/MS Pos Early",358,724,110.02703,"300-84-5","107812","C00519","HMDB00965"
"308",2606,"hypoxanthine","Nucleotide","Purine Metabolism, (Hypo)Xanthine/Inosine containing",3127,"LC/MS Neg",171,1291.2,135.03123,"68-94-0","790","C00262","HMDB00157"
"309",68,"imidazole lactate","Amino Acid","Histidine Metabolism",15716,"LC/MS Pos Early",100000263,2040,157.06077,"14403-45-3","440129","C05568","HMDB02320"
"310",67,"imidazole propionate","Amino Acid","Histidine Metabolism",40730,"LC/MS Pos Early",100003434,2263,141.06586,"1074-59-5","70630","","HMDB02271"
"311",213,"indolelactate","Amino Acid","Tryptophan Metabolism",18349,"LC/MS Neg",100000463,2286,204.06661,"832-97-3","92904","C02043","HMDB00671"
"312",2605,"inosine","Nucleotide","Purine Metabolism, (Hypo)Xanthine/Inosine containing",1123,"LC/MS Pos Early",361,1269,269.08805,"58-63-9","6021","C00294","HMDB00195"
"313",2604,"inosine 5'-monophosphate (IMP)","Nucleotide","Purine Metabolism, (Hypo)Xanthine/Inosine containing",2133,"LC/MS Pos Early",362,650,349.05438,"4691-65-0","8582","C00130","HMDB00175"
"314",2602,"inosine 5'-triphosphate","Nucleotide","Purine Metabolism, (Hypo)Xanthine/Inosine containing",36862,"LC/MS Neg",100000709,625,506.97248,"132-06-9","8583","C00081","HMDB00189"
"315",1447,"inositol 1-phosphate (I1P)","Lipid","Inositol Metabolism",43849,"LC/MS Polar",370,4785,259.02244,"573-35-3;106032-59-1","440194","C04006","HMDB00213"
"316",830,"Isobar: fructose 1,6-diphosphate, glucose 1,6-diphosphate, myo-inositol 1,4 or 1,3-diphosphate","Carbohydrate","Glycolysis, Gluconeogenesis, and Pyruvate Metabolism",46896,"LC/MS Neg",100002180,551,338.98897,"","","",""
"317",300,"isobutyrylcarnitine","Amino Acid","Leucine, Isoleucine and Valine Metabolism",33441,"LC/MS Pos Early",100001055,2810,232.15434,"25518-49-4","168379","","HMDB00736"
"318",1011,"isocitrate","Energy","TCA Cycle",12110,"LC/MS Polar",1206,4156.8,191.01973,"20226-99-7","1198","C00311","HMDB00193"
"319",284,"isoleucine","Amino Acid","Leucine, Isoleucine and Valine Metabolism",1125,"LC/MS Pos Early",376,2800,132.10191,"73-32-5","6306","C00407","HMDB00172"
"320",594,"isoleucylglycine","Peptide","Dipeptide",40008,"LC/MS Pos Early",100003169,2719,189.12337,"868-28-0","342532","",""
"321",263,"isovalerylcarnitine","Amino Acid","Leucine, Isoleucine and Valine Metabolism",34407,"LC/MS Pos Early",100001393,3085,246.16999,"31023-24-2","6426851","","HMDB00688"
"322",220,"kynurenate","Amino Acid","Tryptophan Metabolism",1417,"LC/MS Neg",98,2224,188.03531,"492-27-3","3845","C01717","HMDB00715"
"323",219,"kynurenine","Amino Acid","Tryptophan Metabolism",15140,"LC/MS Pos Early",100000265,2739,209.09207,"2922-83-0","161166","C00328","HMDB00684"
"324",840,"lactate","Carbohydrate","Glycolysis, Gluconeogenesis, and Pyruvate Metabolism",527,"LC/MS Polar",482,1468.8,89.02442,"79-33-4","612","C00186","HMDB00190"
"325",895,"lactose","Carbohydrate","Disaccharides and Oligosaccharides",567,"LC/MS Polar",393,3500,387.11442,"5965-66-2","84571","C00243","HMDB00186"
"326",1818,"lactosyl-N-palmitoyl-sphingosine","Lipid","Sphingolipid Metabolism",53010,"LC/MS Pos Late",100009030,2527,862.62502,"4201-62-1","","",""
"327",3714,"lanthionine","Xenobiotics","Chemical",42002,"LC/MS Pos Early",100003892,1730,209.05906,"8/2/83","6994972;98504","",""
"328",1269,"laurylcarnitine","Lipid","Fatty Acid Metabolism(Acyl Carnitine)",34534,"LC/MS Pos Late",100001392,1235,344.27954,"25518-54-1","10427569","","HMDB02250"
"329",255,"leucine","Amino Acid","Leucine, Isoleucine and Valine Metabolism",60,"LC/MS Pos Early",397,2864,132.10191,"61-90-5","6106","C00123","HMDB00687"
"330",607,"leucylalanine","Peptide","Dipeptide",40010,"LC/MS Pos Early",100003179,2801,203.13902,"7298-84-2","259321","",""
"331",773,"leucylglutamine*","Peptide","Dipeptide",48189,"LC/MS Pos Early",100003183,2620,260.1605,"","4305457","",""
"332",612,"leucylglycine","Peptide","Dipeptide",40045,"LC/MS Pos Early",100003185,2778,189.12337,"686-50-0","79070","",""
"333",1086,"linoleate (18:2n6)","Lipid","Polyunsaturated Fatty Acid (n3 and n6)",1105,"LC/MS Neg",180,5535,279.23295,"60-33-3","5280450","C01595","HMDB00673"
"334",78,"lysine","Amino Acid","Lysine Metabolism",1301,"LC/MS Pos Early",407,2850,147.11281,"56-87-1","5962","C00047","HMDB00182"
"335",631,"lysylleucine","Peptide","Dipeptide",40020,"LC/MS Pos Early",100003196,3370,260.19687,"7369-79-1","4682588","",""
"336",1017,"malate","Energy","TCA Cycle",1303,"LC/MS Polar",409,3343.1,133.01425,"6915-15-7","525","C00149","HMDB00156"
"337",1168,"maleate","Lipid","Fatty Acid, Dicarboxylate",20676,"LC/MS Polar",100000707,2510,115.00368,"110-16-7","444266","C01384","HMDB00176"
"338",1228,"malonylcarnitine","Lipid","Fatty Acid Synthesis",37059,"LC/MS Pos Early",100001526,2086,248.11287,"853728-01-5","22833583","","HMDB02095"
"339",891,"maltose","Carbohydrate","Glycogen Metabolism",15586,"LC/MS Polar",913,3329.4,387.11442,"6363-53-7","10991489","C00208","HMDB00163"
"340",886,"maltotetraose","Carbohydrate","Glycogen Metabolism",15910,"LC/MS Neg",100000275,910,665.21458,"34612-38-9","446495","C02052","HMDB01296"
"341",888,"maltotriose","Carbohydrate","Glycogen Metabolism",44688,"LC/MS Neg",100000276,812,503.16175,"1109-28-0","439586","C01835","HMDB01262"
"342",932,"mannitol/sorbitol","Carbohydrate","Fructose, Mannose and Galactose Metabolism",46142,"LC/MS Polar",100001740,2260,181.07176,"","5780","C01507","HMDB00247"
"343",1049,"margarate (17:0)","Lipid","Long Chain Fatty Acid",1121,"LC/MS Neg",891,5731,269.2486,"506-12-7","10465","","HMDB02259"
"344",1097,"mead acid (20:3n9)","Lipid","Polyunsaturated Fatty Acid (n3 and n6)",35174,"LC/MS Neg",100001472,5650,305.2486,"20590-32-3","5312531","","HMDB10378"
"345",312,"methionine","Amino Acid","Methionine, Cysteine, SAM and Taurine Metabolism",1302,"LC/MS Pos Early",415,2526,150.05833,"63-68-3","6137","C00073","HMDB00696"
"346",316,"methionine sulfone","Amino Acid","Methionine, Cysteine, SAM and Taurine Metabolism",44878,"LC/MS Pos Early",100004635,1250,182.04816,"820-10-0","69961","",""
"347",317,"methionine sulfoxide","Amino Acid","Methionine, Cysteine, SAM and Taurine Metabolism",18374,"LC/MS Pos Early",100000039,1272,166.05325,"3226-65-1","158980","C02989","HMDB02005"
"348",3252,"methyl glucopyranoside (alpha + beta)","Xenobiotics","Food Component/Plant",46144,"LC/MS Neg",100005864,1070,193.0718,"","","",""
"349",1248,"methylmalonate (MMA)","Lipid","Fatty Acid Metabolism (also BCAA Metabolism)",1496,"LC/MS Polar",418,3078.4,117.01933,"516-05-2","487","C02170","HMDB00202"
"350",2740,"methylphosphate","Nucleotide","Purine and Pyrimidine Metabolism",37070,"LC/MS Polar",100001805,3760.1,110.98527,"7023-27-0","13130","","HMDB61711"
"351",276,"methylsuccinate","Amino Acid","Leucine, Isoleucine and Valine Metabolism",15745,"LC/MS Polar",2051,2800,131.03498,"498-21-5","10349","","HMDB01844"
"352",1439,"myo-inositol","Lipid","Inositol Metabolism",1124,"LC/MS Polar",363,3506.3,225.06159,"87-89-8","892","C00137","HMDB00211"
"353",1043,"myristate (14:0)","Lipid","Long Chain Fatty Acid",1365,"LC/MS Neg",519,5440,227.20165,"544-63-8","11005","C06424","HMDB00806"
"354",1044,"myristoleate (14:1n5)","Lipid","Long Chain Fatty Acid",32418,"LC/MS Neg",100001198,5346.9,225.186,"544-64-9","5281119","C08322","HMDB02000"
"355",1278,"myristoleoylcarnitine*","Lipid","Fatty Acid Metabolism(Acyl Carnitine)",48182,"LC/MS Pos Late",100006051,1316,370.29471,"889848-55-9","","",""
"356",1270,"myristoylcarnitine","Lipid","Fatty Acid Metabolism(Acyl Carnitine)",33952,"LC/MS Pos Late",100001270,1350,372.31084,"18822-89-4","53477791","","HMDB05066"
"357",389,"N1,N12-diacetylspermine","Amino Acid","Polyamine Metabolism",52987,"LC/MS Pos Early",100002132,3105,287.24416,"61345-83-3","132680","C03413","HMDB02172"
"358",2765,"N1-Methyl-2-pyridone-5-carboxamide","Cofactors and Vitamins","Nicotinate and Nicotinamide Metabolism",40469,"LC/MS Pos Early",100001468,1250,153.06586,"701-44-0","69698","C05842","HMDB04193"
"359",2633,"N1-methyladenosine","Nucleotide","Purine Metabolism, Adenine containing",15650,"LC/MS Pos Early",1242,2120,282.11969,"15763-06-1","27476","C02494","HMDB03331"
"360",2669,"N2,N2-dimethylguanosine","Nucleotide","Purine Metabolism, Guanine containing",35137,"LC/MS Pos Early",100001412,2210,312.13025,"2140-67-2","92919","","HMDB04824"
"361",2668,"N2-methylguanosine","Nucleotide","Purine Metabolism, Guanine containing",35133,"LC/MS Neg",100001467,1988,296.10004,"2140-77-4","3035422","","HMDB05862"
"362",82,"N6,N6,N6-trimethyllysine","Amino Acid","Lysine Metabolism",1498,"LC/MS Pos Early",189,2825,189.15976,"23284-33-5","440120","C03793","HMDB01325"
"363",80,"N6-acetyllysine","Amino Acid","Lysine Metabolism",36752,"LC/MS Pos Early",100001734,2131,189.12337,"692-04-6","92832","C02727","HMDB00206"
"364",2643,"N6-carbamoylthreonyladenosine","Nucleotide","Purine Metabolism, Adenine containing",35157,"LC/MS Neg",100001415,2164,411.12698,"24719-82-2","161466","","HMDB41623"
"365",2634,"N6-methyladenosine","Nucleotide","Purine Metabolism, Adenine containing",37114,"LC/MS Pos Early",213,2264,282.11969,"1867-73-8","102175","","HMDB04044"
"366",2652,"N6-succinyladenosine","Nucleotide","Purine Metabolism, Adenine containing",48130,"LC/MS Pos Early",100001664,1930,384.11499,"4542-23-8","","","HMDB00912"
"367",26,"N-acetylalanine","Amino Acid","Alanine and Aspartate Metabolism",1585,"LC/MS Neg",1110,861.2,130.05096,"97-69-8","88064","C02847","HMDB00766"
"368",361,"N-acetylarginine","Amino Acid","Urea cycle; Arginine and Proline Metabolism",33953,"LC/MS Pos Early",100001266,2245,217.12952,"155-84-0","67427","C02562","HMDB04620"
"369",32,"N-acetylaspartate (NAA)","Amino Acid","Alanine and Aspartate Metabolism",22185,"LC/MS Polar",100000787,3143,174.04079,"997-55-7;997-55-7","65065","C01042","HMDB00812"
"370",43,"N-acetyl-aspartyl-glutamate (NAAG)","Amino Acid","Glutamate Metabolism",35665,"LC/MS Pos Early",100001612,1035,305.09795,"3106-85-2","5255","C12270","HMDB01067"
"371",98,"N-acetyl-cadaverine","Amino Acid","Lysine Metabolism",43530,"LC/MS Pos Early",100002249,2385,145.13354,"32343-73-0","","",""
"372",330,"N-acetylcysteine","Amino Acid","Methionine, Cysteine, SAM and Taurine Metabolism",1586,"LC/MS Neg",1107,1108,162.02304,"616-91-1","12035","C06809","HMDB01890"
"373",982,"N-acetyl-glucosamine 1-phosphate","Carbohydrate","Aminosugar Metabolism",15741,"LC/MS Polar",1212,4052,300.04899,"31281-59-1","440364","C04256","HMDB01367"
"374",981,"N-acetylglucosamine 6-phosphate","Carbohydrate","Aminosugar Metabolism",15107,"LC/MS Polar",1213,4114,300.04899,"102029-88-9","439219","C00357","HMDB02817"
"375",999,"N-acetylglucosaminylasparagine ","Carbohydrate","Aminosugar Metabolism",48149,"LC/MS Pos Early",1215,1212,336.14015,"2776-93-4","123826","C04540","HMDB00489"
"376",41,"N-acetylglutamate","Amino Acid","Glutamate Metabolism",15720,"LC/MS Pos Early",100000282,1050,190.071,"8/3/17","70914","C00624","HMDB01138"
"377",42,"N-acetylglutamine","Amino Acid","Glutamate Metabolism",33943,"LC/MS Pos Early",100001253,845,189.08699,"2490-97-3","182230","C02716","HMDB06029"
"378",2,"N-acetylglycine","Amino Acid","Glycine, Serine and Threonine Metabolism",27710,"LC/MS Pos Early",100001006,826,118.04987,"543-24-8","10972","","HMDB00532"
"379",57,"N-acetylhistidine","Amino Acid","Histidine Metabolism",33946,"LC/MS Pos Early",100001293,2065,198.08732,"39145-52-3","75619","C02997","HMDB32055"
"380",286,"N-acetylisoleucine","Amino Acid","Leucine, Isoleucine and Valine Metabolism",33967,"LC/MS Neg",100001276,2325,172.09791,"3077-46-1","2802421","",""
"381",256,"N-acetylleucine","Amino Acid","Leucine, Isoleucine and Valine Metabolism",1587,"LC/MS Neg",1082,2400,172.09791,"1188-21-2","70912","C02710","HMDB11756"
"382",313,"N-acetylmethionine","Amino Acid","Methionine, Cysteine, SAM and Taurine Metabolism",1589,"LC/MS Neg",1083,1787,190.05434,"65-82-7","448580","C02712","HMDB11745"
"383",318,"N-acetylmethionine sulfoxide","Amino Acid","Methionine, Cysteine, SAM and Taurine Metabolism",45428,"LC/MS Pos Early",100005463,880,208.06381,"","193368","",""
"384",988,"N-acetylneuraminate","Carbohydrate","Aminosugar Metabolism",32377,"LC/MS Polar",1162,3072.6,308.0987,"131-48-6","439197","C00270","HMDB00230"
"385",107,"N-acetylphenylalanine","Amino Acid","Phenylalanine and Tyrosine Metabolism",33950,"LC/MS Neg",100001256,2597,206.08226,"2018-61-3","74839","C03519","HMDB00512"
"386",394,"N-acetylputrescine","Amino Acid","Polyamine Metabolism",37496,"LC/MS Pos Early",192,2230,131.11789,"18233-70-0","122356","C02714","HMDB02064"
"387",10,"N-acetylserine","Amino Acid","Glycine, Serine and Threonine Metabolism",37076,"LC/MS Pos Early",100001851,811,148.06044,"97-14-3","65249","","HMDB02931"
"388",341,"N-acetyltaurine","Amino Acid","Methionine, Cysteine, SAM and Taurine Metabolism",48187,"LC/MS Neg",100005466,800,166.01795,"","159864","",""
"389",15,"N-acetylthreonine","Amino Acid","Glycine, Serine and Threonine Metabolism",33939,"LC/MS Neg",100001274,821.6,160.06153,"17093-74-2","152204","",""
"390",120,"N-acetyltyrosine","Amino Acid","Phenylalanine and Tyrosine Metabolism",32390,"LC/MS Neg",100001104,1680,222.07718,"537-55-3","68310","","HMDB00866"
"391",297,"N-acetylvaline","Amino Acid","Leucine, Isoleucine and Valine Metabolism",1591,"LC/MS Neg",1084,1704,158.08226,"96-81-1","66789","","HMDB11757"
"392",2679,"N-carbamoylaspartate","Nucleotide","Pyrimidine Metabolism, Orotate containing",1594,"LC/MS Pos Early",1108,795,177.0506,"923-37-5","93072","C00438","HMDB00828"
"393",364,"N-delta-acetylornithine","Amino Acid","Urea cycle; Arginine and Proline Metabolism",43249,"LC/MS Pos Early",100004523,1877,175.10772,"","9920500","",""
"394",314,"N-formylmethionine","Amino Acid","Methionine, Cysteine, SAM and Taurine Metabolism",2829,"LC/MS Neg",194,1543.8,176.03869,"4289-98-9","439750","C03145","HMDB01015"
"395",198,"N-formylphenylalanine","Amino Acid","Phenylalanine and Tyrosine Metabolism",48433,"LC/MS Neg",100006056,2336,192.06661,"13200-85-6","759256","",""
"396",3178,"N-glycolylneuraminate","Xenobiotics","Food Component/Plant",37123,"LC/MS Pos Early",100001491,636,326.10818,"1113-83-3","123802","C03410","HMDB00833"
"397",2746,"nicotinamide","Cofactors and Vitamins","Nicotinate and Nicotinamide Metabolism",594,"LC/MS Pos Early",432,1942,123.05529,"98-92-0","936","C00153","HMDB01406"
"398",2750,"nicotinamide adenine dinucleotide (NAD+)","Cofactors and Vitamins","Nicotinate and Nicotinamide Metabolism",5278,"LC/MS Neg",1310,1434,662.10184,"53-84-9","5893","C00003","HMDB00902"
"399",2754,"nicotinamide adenine dinucleotide phosphate reduced (NADPH)","Cofactors and Vitamins","Nicotinate and Nicotinamide Metabolism",33450,"LC/MS Neg",430,900,744.08383,"2646-71-1","5884","C00005","HMDB00221"
"400",2751,"nicotinamide adenine dinucleotide reduced (NADH)","Cofactors and Vitamins","Nicotinate and Nicotinamide Metabolism",31475,"LC/MS Neg",428,1540,664.1175,"58-68-4;606-68-8","439153","C00004","HMDB01487"
"401",2748,"nicotinamide ribonucleotide (NMN)","Cofactors and Vitamins","Nicotinate and Nicotinamide Metabolism",22152,"LC/MS Pos Early",1312,766,335.06388,"1094-61-7","14180","C00455","HMDB00229"
"402",2749,"nicotinamide riboside","Cofactors and Vitamins","Nicotinate and Nicotinamide Metabolism",33013,"LC/MS Pos Early",100001310,2040,255.09755,"1341-23-7","439924","C03150","HMDB00855"
"403",53,"N-methyl-4-aminobutyric acid","Amino Acid","Glutamate Metabolism",39577,"LC/MS Pos Early",100003152,2109,118.08626,"1119-48-8","1550042;70703","",""
"404",368,"N-methylproline","Amino Acid","Urea cycle; Arginine and Proline Metabolism",37431,"LC/MS Pos Early",100001956,1335,130.08626,"475-11-6","557","",""
"405",373,"N-monomethylarginine","Amino Acid","Urea cycle; Arginine and Proline Metabolism",43586,"LC/MS Pos Early",100004488,2845,189.13461,"53308-83-1","132862","C03884","HMDB29416"
"406",1433,"N-oleoyltaurine","Lipid","Endocannabinoid",39732,"LC/MS Neg",100003119,5610,388.2527,"52514-04-2","6437033","",""
"407",1059,"nonadecanoate (19:0)","Lipid","Long Chain Fatty Acid",1356,"LC/MS Neg",892,6068,297.2799,"646-30-0","12591","C16535","HMDB00772"
"408",1254,"N-palmitoyl glycine","Lipid","Fatty Acid Metabolism(Acyl Glycine)",42092,"LC/MS Neg",100003686,5580,312.25441,"2441-41-0","151008","",""
"409",1779,"N-palmitoyl-sphinganine (d18:0/16:0)","Lipid","Sphingolipid Metabolism",52604,"LC/MS Pos Late",100009028,3090,540.53503,"5966-29-0","5283572","","HMDB11760"
"410",1797,"N-palmitoyl-sphingosine (d18:1/16:0)","Lipid","Sphingolipid Metabolism",44877,"LC/MS Pos Late",1518,2893,538.51937,"24696-26-2","5283564","","HMDB04949"
"411",1435,"N-palmitoyltaurine","Lipid","Endocannabinoid",39835,"LC/MS Neg",100003239,5560,362.23705,"83982-06-3","","",""
"412",1434,"N-stearoyltaurine","Lipid","Endocannabinoid",39730,"LC/MS Neg",100003240,5782,390.26835,"63155-80-6","168274","",""
"413",1264,"octanoylcarnitine","Lipid","Fatty Acid Metabolism(Acyl Carnitine)",33936,"LC/MS Pos Late",100001247,950,288.21694,"3671-77-0","123701","C02838","HMDB00791"
"414",3499,"ofloxacin","Xenobiotics","Drug",21320,"LC/MS Neg",100000673,3600,360.1365,"82419-36-1","4583","C07321","HMDB01929"
"415",1076,"oleate/vaccenate (18:1)","Lipid","Long Chain Fatty Acid",52285,"LC/MS Neg",100008930,5655,281.2486,"","","",""
"416",1423,"oleoyl ethanolamide","Lipid","Endocannabinoid",38102,"LC/MS Neg",1137,6400,324.2908,"11-58-0;111-58-0","5283454","","HMDB02088"
"417",1276,"oleoylcarnitine","Lipid","Fatty Acid Metabolism(Acyl Carnitine)",35160,"LC/MS Pos Late",100001501,1423,426.35779,"38677-66-6","6441392;53477789","","HMDB05065"
"418",172,"O-methyltyrosine","Amino Acid","Phenylalanine and Tyrosine Metabolism",37451,"LC/MS Pos Early",100002078,2790,196.09682,"1080-06-4","76957","",""
"419",411,"ophthalmate","Amino Acid","Glutathione Metabolism",34592,"LC/MS Pos Early",100001311,2085,290.13467,"495-27-2","7018721","","HMDB05765"
"420",351,"ornithine","Amino Acid","Urea cycle; Arginine and Proline Metabolism",1493,"LC/MS Pos Early",444,2800,133.09716,"3184-13-2","6262","C00077","HMDB03374"
"421",2681,"orotate","Nucleotide","Pyrimidine Metabolism, Orotate containing",1505,"LC/MS Polar",445,1638.1,155.00983,"50887-69-9","967","C00295","HMDB00226"
"422",2683,"orotidine","Nucleotide","Pyrimidine Metabolism, Orotate containing",35172,"LC/MS Polar",100001416,2250,287.05209,"314-50-1","92751","C01103","HMDB00788"
"423",3641,"O-sulfo-L-tyrosine","Xenobiotics","Chemical",45413,"LC/MS Neg",100005384,990,260.02343,"","514186","",""
"424",1046,"palmitate (16:0)","Lipid","Long Chain Fatty Acid",1336,"LC/MS Neg",424,5618,255.23295,"57-10-3","985","C00249","HMDB00220"
"425",1047,"palmitoleate (16:1n7)","Lipid","Long Chain Fatty Acid",33447,"LC/MS Neg",452,5475,253.2173,"373-49-9","445638","C08362","HMDB03229"
"426",1807,"palmitoyl dihydrosphingomyelin (d18:0/16:0)*","Lipid","Sphingolipid Metabolism",52434,"LC/MS Pos Late",100008954,2290,705.5905,"","9939965","",""
"427",1426,"palmitoyl ethanolamide","Lipid","Endocannabinoid",38165,"LC/MS Neg",1489,6300,298.27515,"544-31-0","4671","C16512","HMDB02100"
"428",1783,"palmitoyl sphingomyelin (d18:1/16:0)","Lipid","Sphingolipid Metabolism",37506,"LC/MS Pos Late",100002107,2168,703.57485,"6254-89-3","9939941","",""
"429",1272,"palmitoylcarnitine","Lipid","Fatty Acid Metabolism(Acyl Carnitine)",44681,"LC/MS Pos Late",100000776,1425,400.34214,"6865-14-1","461","C02990","HMDB00222"
"430",2093,"palmitoylcholine","Lipid","Fatty Acid Metabolism (Acyl Choline)",52944,"LC/MS Pos Late",100009233,1482,342.33666,"","151731","",""
"431",2771,"pantothenate","Cofactors and Vitamins","Pantothenate and CoA Metabolism",1508,"LC/MS Pos Early",1024,1667,220.11795,"137-08-6","6613","C00864","HMDB00210"
"432",138,"p-cresol sulfate","Amino Acid","Phenylalanine and Tyrosine Metabolism",36103,"LC/MS Neg",100001315,2890,187.00705,"3233-57-7","4615423","C01468","HMDB11635"
"433",3728,"phenol red","Xenobiotics","Chemical",36817,"LC/MS Neg",100001724,3665.9,353.04891,"143-74-8","4766","C12600",""
"434",135,"phenol sulfate","Amino Acid","Phenylalanine and Tyrosine Metabolism",32553,"LC/MS Neg",100001510,2156,172.9914,"937-34-8","74426","C02180","HMDB60015"
"435",117,"phenylacetylglycine","Amino Acid","Phenylalanine and Tyrosine Metabolism",33945,"LC/MS Neg",100001275,2375,192.06661,"500-98-1","68144","C05598","HMDB00821"
"436",106,"phenylalanine","Amino Acid","Phenylalanine and Tyrosine Metabolism",64,"LC/MS Pos Early",460,2878,166.08626,"63-91-2","6140","C00079","HMDB00159"
"437",660,"phenylalanylalanine","Peptide","Dipeptide",41374,"LC/MS Pos Early",100003589,2909,237.12337,"3918-87-4","6993123;5488196","",""
"438",664,"phenylalanylglycine","Peptide","Dipeptide",41370,"LC/MS Pos Early",100003588,2898,223.10772,"721-90-4","98207","",""
"439",111,"phenyllactate (PLA)","Amino Acid","Phenylalanine and Tyrosine Metabolism",22130,"LC/MS Neg",100000774,2208,165.05571,"828-01-3","3848","C05607","HMDB00779"
"440",1031,"phosphate","Energy","Oxidative Phosphorylation",42109,"LC/MS Pos Early",461,576,98.98418,"7664-38-2","1061","C00009","HMDB01429"
"441",838,"phosphoenolpyruvate (PEP)","Carbohydrate","Glycolysis, Gluconeogenesis, and Pyruvate Metabolism",597,"LC/MS Neg",463,587.3,166.9751,"10526-80-4","1005","C00074","HMDB00263"
"442",1474,"phosphoethanolamine","Lipid","Phospholipid Metabolism",1600,"LC/MS Neg",1026,638,140.01182,"1071-23-4","1015","C00346","HMDB00224"
"443",2773,"phosphopantetheine","Cofactors and Vitamins","Pantothenate and CoA Metabolism",15504,"LC/MS Neg",100000328,1596.9,357.08908,NA,"987","C01134","HMDB01416"
"444",1781,"phytosphingosine","Lipid","Sphingolipid Metabolism",1510,"LC/MS Pos Late",469,1367,318.30027,"554-62-1","122121","C12144","HMDB04610"
"445",96,"pipecolate","Amino Acid","Lysine Metabolism",1444,"LC/MS Pos Early",1025,2200,130.08626,"4043-87-2","849","C00408","HMDB00070"
"446",372,"pro-hydroxy-pro","Amino Acid","Urea cycle; Arginine and Proline Metabolism",35127,"LC/MS Pos Early",100001167,2128,229.11829,"18684-24-7","11673055","","HMDB06695"
"447",352,"proline","Amino Acid","Urea cycle; Arginine and Proline Metabolism",1898,"LC/MS Pos Early",480,1603,116.07061,"147-85-3","145742","C00148","HMDB00162"
"448",680,"prolylglutamine","Peptide","Dipeptide",40659,"LC/MS Pos Early",100003672,2056,244.12919,"","","",""
"449",681,"prolylglycine","Peptide","Dipeptide",40703,"LC/MS Pos Early",100003674,2136,173.09207,"2578-57-6","7408076;6426709","",""
"450",1245,"propionylcarnitine","Lipid","Fatty Acid Metabolism (also BCAA Metabolism)",32452,"LC/MS Pos Early",100001162,2590,218.13869,"17298-37-2","107738","C03017","HMDB00824"
"451",1362,"prostaglandin E2","Lipid","Eicosanoid",7746,"LC/MS Neg",487,4573,351.2177,"363-24-6","5280360","C00584","HMDB01220"
"452",1373,"prostaglandin F2alpha","Lipid","Eicosanoid",19398,"LC/MS Neg",100000574,4658,353.23334,"551-11-1","5280363","C00639","HMDB01139"
"453",2695,"pseudouridine","Nucleotide","Pyrimidine Metabolism, Uracil containing",33442,"LC/MS Neg",821,1100,243.06226,"1445-07-4","15047","C02067","HMDB00767"
"454",2810,"pterin","Cofactors and Vitamins","Pterin Metabolism",43023,"LC/MS Neg",100004216,1370,162.04213,"22363-60-4","73000","C00715","HMDB00802"
"455",387,"putrescine","Amino Acid","Polyamine Metabolism",1408,"LC/MS Pos Early",49,3027,89.10733,"110-60-1","1045","C00134","HMDB01414"
"456",2848,"pyridoxal","Cofactors and Vitamins","Vitamin B6 Metabolism",1651,"LC/MS Pos Early",491,2343,168.06552,"65-22-5","1050","C00250","HMDB01545"
"457",2847,"pyridoxal phosphate","Cofactors and Vitamins","Vitamin B6 Metabolism",5331,"LC/MS Pos Early",492,1367,248.03186,"41468-25-1","1051","C00018","HMDB01491"
"458",2845,"pyridoxamine","Cofactors and Vitamins","Vitamin B6 Metabolism",2150,"LC/MS Pos Early",568,2975,169.09716,"58052-48-5","1052","C00534","HMDB01431"
"459",2846,"pyridoxamine phosphate","Cofactors and Vitamins","Vitamin B6 Metabolism",3138,"LC/MS Pos Early",493,1932,249.06349,"529-96-4","1053","C00647","HMDB01555"
"460",2844,"pyridoxine (Vitamin B6)","Cofactors and Vitamins","Vitamin B6 Metabolism",608,"LC/MS Pos Early",936,2442,170.08117,"58-56-0","1054","C00314","HMDB02075"
"461",51,"pyroglutamine*","Amino Acid","Glutamate Metabolism",46225,"LC/MS Pos Early",100001540,1900,129.06586,"2353-44-8","134508","",""
"462",839,"pyruvate","Carbohydrate","Glycolysis, Gluconeogenesis, and Pyruvate Metabolism",22250,"LC/MS Polar",823,2650,175.02481,"127-17-3","1060","C00022","HMDB00243"
"463",2839,"retinol (Vitamin A)","Cofactors and Vitamins","Vitamin A Metabolism",1806,"LC/MS Pos Late",498,1636,269.22639,"68-26-8","445354","C00473","HMDB00305"
"464",3736,"rhodamine B","Xenobiotics","Chemical",42573,"LC/MS Pos Late",100004023,1150,443.23292,"81-88-9","2724252","",""
"465",858,"ribitol","Carbohydrate","Pentose Metabolism",15772,"LC/MS Polar",100000406,1789.6,151.06119,"488-81-3","6912","C00474","HMDB00508"
"466",2768,"riboflavin (Vitamin B2)","Cofactors and Vitamins","Riboflavin Metabolism",1827,"LC/MS Pos Early",500,2292,377.14557,"83-88-5","493570","C00255","HMDB00244"
"467",859,"ribonate","Carbohydrate","Pentose Metabolism",27731,"LC/MS Polar",100001007,2425,165.04046,"8/3/36","5460677","C01685","HMDB00867"
"468",857,"ribose","Carbohydrate","Pentose Metabolism",1471,"LC/MS Polar",914,1508.2,195.05103,"50-69-1","5779","C00121","HMDB00283"
"469",849,"ribose 1-phosphate","Carbohydrate","Pentose Phosphate Pathway",1763,"LC/MS Polar",219,4025,229.01188,"50-99-7;58459-37-3","439236","C00620","HMDB01489"
"470",848,"ribose 5-phosphate","Carbohydrate","Pentose Phosphate Pathway",561,"LC/MS Polar",19,4193,229.01188,"18265-46-8;108321-05-7","","C00117","HMDB01548"
"471",881,"ribulose/xylulose","Carbohydrate","Pentose Metabolism",48340,"LC/MS Polar",100006122,1400,149.0455,"","","",""
"472",55,"S-1-pyrroline-5-carboxylate","Amino Acid","Glutamate Metabolism",42370,"LC/MS Pos Early",35,1528,114.05496,"2906-39-0","1196","C04322","HMDB01301"
"473",84,"saccharopine","Amino Acid","Lysine Metabolism",1495,"LC/MS Pos Early",392,2530,277.13942,"997-68-2","160556","C00449","HMDB00279"
"474",320,"S-adenosylhomocysteine (SAH)","Amino Acid","Methionine, Cysteine, SAM and Taurine Metabolism",42382,"LC/MS Neg",197,1832.4,383.11431,"979-92-0","439155","C00021","HMDB00939"
"475",319,"S-adenosylmethionine (SAM)","Amino Acid","Methionine, Cysteine, SAM and Taurine Metabolism",15915,"LC/MS Pos Early",1263,3002,399.14452,"24346-00-7;86867-01-8;86867-0108","34755","C00019","HMDB01185"
"476",851,"sedoheptulose-7-phosphate","Carbohydrate","Pentose Phosphate Pathway",35649,"LC/MS Neg",100001628,599.6,289.033,"2646-35-7","616","C05382","HMDB01068"
"477",9,"serine","Amino Acid","Glycine, Serine and Threonine Metabolism",1648,"LC/MS Pos Early",503,1239,106.04987,"56-45-1","5951","C00065","HMDB00187"
"478",235,"serotonin","Amino Acid","Tryptophan Metabolism",2342,"LC/MS Pos Early",504,2550,177.10224,"153-98-0","5202","C00780","HMDB00259"
"479",407,"S-lactoylglutathione","Amino Acid","Glutathione Metabolism",15731,"LC/MS Pos Early",1343,2124,380.11222,"54398-03-7","440018","C03451","HMDB01066"
"480",406,"S-methylglutathione","Amino Acid","Glutathione Metabolism",33944,"LC/MS Pos Early",100001259,2200,322.10674,"2922-56-7","3605667","C11347",""
"481",390,"spermidine","Amino Acid","Polyamine Metabolism",485,"LC/MS Pos Early",50,3355,146.16518,"124-20-9","1102","C00315","HMDB01257"
"482",388,"spermine","Amino Acid","Polyamine Metabolism",603,"LC/MS Pos Early",507,3350,203.22303,"71-44-3","1103","C00750","HMDB01256"
"483",1780,"sphinganine","Lipid","Sphingolipid Metabolism",17769,"LC/MS Pos Late",313,1413,302.30536,"3102-56-5","3126","C00836","HMDB00269"
"484",1799,"sphingomyelin (d18:1/14:0, d16:1/16:0)*","Lipid","Sphingolipid Metabolism",42463,"LC/MS Pos Late",100004328,1998,675.54355,"","11433862","",""
"485",1808,"sphingomyelin (d18:1/15:0, d16:1/17:0)*","Lipid","Sphingolipid Metabolism",52433,"LC/MS Pos Late",100006314,2082,689.5592,"121999-58-4","","",""
"486",1813,"sphingomyelin (d18:1/17:0, d17:1/18:0, d19:1/16:0)","Lipid","Sphingolipid Metabolism",52615,"LC/MS Pos Late",100008920,2312,717.5905,"121999-64-2","","",""
"487",1785,"sphingomyelin (d18:1/18:1, d18:2/18:0)","Lipid","Sphingolipid Metabolism",37529,"LC/MS Pos Late",100002106,2167,729.5905,"108392-10-5","6443882","",""
"488",1806,"sphingomyelin (d18:1/20:0, d16:1/22:0)*","Lipid","Sphingolipid Metabolism",48490,"LC/MS Pos Late",100006290,2685,759.6375,"","","",""
"489",1803,"sphingomyelin (d18:1/20:1, d18:2/20:0)*","Lipid","Sphingolipid Metabolism",48491,"LC/MS Pos Late",100006292,2383,757.6218,"222403-67-0","","",""
"490",1809,"sphingomyelin (d18:1/21:0, d17:1/22:0, d16:1/23:0)*","Lipid","Sphingolipid Metabolism",52495,"LC/MS Pos Late",100009025,2793,773.65311,"","","",""
"491",1805,"sphingomyelin (d18:1/22:1, d18:2/22:0, d16:1/24:1)*","Lipid","Sphingolipid Metabolism",48493,"LC/MS Pos Late",100006295,2666,785.65311,"","","",""
"492",1801,"sphingomyelin (d18:1/24:1, d18:2/24:0)*","Lipid","Sphingolipid Metabolism",47153,"LC/MS Pos Late",100005986,3033,813.68441,"94359-13-4","","",""
"493",1800,"sphingomyelin (d18:2/14:0, d18:1/14:1)*","Lipid","Sphingolipid Metabolism",47154,"LC/MS Pos Late",100005985,1860,673.5279,"","","",""
"494",1802,"sphingomyelin (d18:2/16:0, d18:1/16:1)*","Lipid","Sphingolipid Metabolism",42459,"LC/MS Pos Late",100004329,2002,701.5592,"","","",""
"495",1810,"sphingomyelin (d18:2/23:0, d18:1/23:1, d17:1/24:1)*","Lipid","Sphingolipid Metabolism",52435,"LC/MS Pos Late",100008956,2845,799.66868,"","","",""
"496",1811,"sphingomyelin (d18:2/24:1, d18:1/24:2)*","Lipid","Sphingolipid Metabolism",52437,"LC/MS Pos Late",100008957,2635,811.66868,"","","",""
"497",1789,"sphingosine","Lipid","Sphingolipid Metabolism",17747,"LC/MS Pos Late",297,1393,300.28971,"123-78-4","5353955","C00319","HMDB00252"
"498",3230,"stachydrine","Xenobiotics","Food Component/Plant",34384,"LC/MS Pos Early",100001296,1440,144.10191,"4136-37-2","115244","C10172","HMDB04827"
"499",1051,"stearate (18:0)","Lipid","Long Chain Fatty Acid",1358,"LC/MS Neg",439,5872,283.26425,"57-11-4","5281","C01530","HMDB00827"
"500",1427,"stearoyl ethanolamide","Lipid","Endocannabinoid",38625,"LC/MS Pos Late",100002254,1787,328.32101,"111-57-9","27902","","HMDB13078"
"501",1784,"stearoyl sphingomyelin (d18:1/18:0)","Lipid","Sphingolipid Metabolism",19503,"LC/MS Pos Late",1538,2400,731.60615,"85187-10-6;85187-10-6","6453725","C00550","HMDB01348"
"502",1274,"stearoylcarnitine","Lipid","Fatty Acid Metabolism(Acyl Carnitine)",34409,"LC/MS Pos Late",100001391,1485,428.37344,"18822-91-8","6426855","","HMDB00848"
"503",1015,"succinate","Energy","TCA Cycle",1437,"LC/MS Polar",252,3149,117.01933,"110-15-6","1110","C00042","HMDB00254"
"504",1014,"succinylcarnitine","Energy","TCA Cycle",37058,"LC/MS Pos Early",100001948,2291,262.12852,"","","",""
"505",3638,"sulfate*","Xenobiotics","Chemical",46960,"LC/MS Neg",100002528,616,96.9601,"14808-79-8","1118","C00059","HMDB01448"
"506",340,"taurine","Amino Acid","Methionine, Cysteine, SAM and Taurine Metabolism",2125,"LC/MS Neg",512,690,124.00739,"107-35-7","1123","C00245","HMDB00251"
"507",2832,"thiamin (Vitamin B1)","Cofactors and Vitamins","Thiamine Metabolism",5341,"LC/MS Pos Early",873,3050,265.11176,"59-43-8","1130","C00378","HMDB00235"
"508",2834,"thiamin diphosphate","Cofactors and Vitamins","Thiamine Metabolism",35670,"LC/MS Neg",522,1195.1,423.02986,"154-87-0","1132","C00068","HMDB01372"
"509",2781,"threonate","Cofactors and Vitamins","Ascorbate and Aldarate Metabolism",27738,"LC/MS Polar",100001022,2384,135.02989,"70753-61-6","151152","C01620","HMDB00943"
"510",14,"threonine","Amino Acid","Glycine, Serine and Threonine Metabolism",1284,"LC/MS Pos Early",564,1514,120.06552,"72-19-5","6288","C00188","HMDB00167"
"511",721,"threonylphenylalanine","Peptide","Dipeptide",31530,"LC/MS Pos Early",100001125,3077,267.13394,"16875-27-7","4099799;4099798","",""
"512",2735,"thymidine","Nucleotide","Pyrimidine Metabolism, Thymine containing",2183,"LC/MS Neg",872,1963.7,241.08299,"50-89-5","5789","C00214","HMDB00273"
"513",2732,"thymidine 3'-monophosphate","Nucleotide","Pyrimidine Metabolism, Thymine containing",37122,"LC/MS Neg",100001938,1015,321.04932,"40705-89-3","5463","",""
"514",2731,"thymidine 5'-monophosphate","Nucleotide","Pyrimidine Metabolism, Thymine containing",12023,"LC/MS Neg",1248,883,321.04933,"33430-62-5","9700","C00364","HMDB01227"
"515",2736,"thymine","Nucleotide","Pyrimidine Metabolism, Thymine containing",604,"LC/MS Neg",882,1654,125.03565,"65-71-4","1135","C00178","HMDB00262"
"516",290,"tiglylcarnitine","Amino Acid","Leucine, Isoleucine and Valine Metabolism",35428,"LC/MS Pos Early",100001597,2962,244.15434,"64191-86-2","22833596","","HMDB02366"
"517",370,"trans-4-hydroxyproline","Amino Acid","Urea cycle; Arginine and Proline Metabolism",32306,"LC/MS Pos Early",1001,1064,132.06552,"51-35-4","5810","C01157","HMDB00725"
"518",1812,"tricosanoyl sphingomyelin (d18:1/23:0)*","Lipid","Sphingolipid Metabolism",52436,"LC/MS Pos Late",100008955,3330,801.68441,"","","",""
"519",2763,"trigonelline (N'-methylnicotinate)","Cofactors and Vitamins","Nicotinate and Nicotinamide Metabolism",32401,"LC/MS Pos Early",100001092,1388,138.05496,"535-83-1","5570","C01004","HMDB00875"
"520",1477,"trimethylamine N-oxide","Lipid","Phospholipid Metabolism",40406,"LC/MS Pos Early",100003397,2100,76.07569,"1184-78-7","1145","C01104","HMDB00925"
"521",209,"tryptophan","Amino Acid","Tryptophan Metabolism",54,"LC/MS Pos Early",565,2986,205.09716,"73-22-3","6305","C00078","HMDB00929"
"522",730,"tryptophylglycine","Peptide","Dipeptide",43028,"LC/MS Pos Early",100003609,2930,262.11862,"7360-09-0","263471","",""
"523",119,"tyrosine","Amino Acid","Phenylalanine and Tyrosine Metabolism",1299,"LC/MS Pos Early",815,2430,182.08117,"60-18-4","6057","C00082","HMDB00158"
"524",745,"tyrosylglycine","Peptide","Dipeptide",41375,"LC/MS Pos Early",100003598,2439,239.10264,"673-05-5","259323","",""
"525",966,"UDP-acetylglucosamine/galactosamine","Carbohydrate","Nucleotide Sugar",46148,"LC/MS Neg",100002957,646,606.07429,"","","",""
"526",959,"UDP-galactose","Carbohydrate","Nucleotide Sugar",15860,"LC/MS Polar",100000298,4000,565.04774,"2956-16-3;91183-98-1;137868-52-1","18068","C00052","HMDB00302"
"527",955,"UDP-glucose","Carbohydrate","Nucleotide Sugar",32344,"LC/MS Polar",1096,3950,565.04775,"117756-22-6","8629","C00029","HMDB00286"
"528",960,"UDP-glucuronate","Carbohydrate","Nucleotide Sugar",2763,"LC/MS Neg",1097,588,579.02701,"28053-08-9;63700-19-6","17473","C00167","HMDB00935"
"529",2694,"uracil","Nucleotide","Pyrimidine Metabolism, Uracil containing",605,"LC/MS Neg",825,1086,111.02,"66-22-8","1174","C00106","HMDB00300"
"530",2614,"urate","Nucleotide","Purine Metabolism, (Hypo)Xanthine/Inosine containing",1604,"LC/MS Neg",1134,757.1,167.02106,"69-93-2;120K5305","1175","C00366","HMDB00289"
"531",2693,"uridine","Nucleotide","Pyrimidine Metabolism, Uracil containing",606,"LC/MS Neg",535,1457.6,243.06226,"58-96-8","6029","C00299","HMDB00296"
"532",2690,"uridine 3'-monophosphate (3'-UMP)","Nucleotide","Pyrimidine Metabolism, Uracil containing",39764,"LC/MS Neg",106,750,323.02899,"35170-0-7;35170-03-7","101543","C01368",""
"533",2687,"uridine 5'-diphosphate (UDP)","Nucleotide","Pyrimidine Metabolism, Uracil containing",5345,"LC/MS Neg",870,599.5,402.99492,"21931-53-3","6031","C00015","HMDB00295"
"534",2688,"uridine 5'-monophosphate (UMP)","Nucleotide","Pyrimidine Metabolism, Uracil containing",2856,"LC/MS Neg",869,627,323.02859,"3387-36-8","6030","C00105","HMDB00288"
"535",2686,"uridine 5'-triphosphate (UTP)","Nucleotide","Pyrimidine Metabolism, Uracil containing",33448,"LC/MS Neg",871,572,482.96126,"19817-92-6","6133","C00075","HMDB00285"
"536",296,"valine","Amino Acid","Leucine, Isoleucine and Valine Metabolism",1649,"LC/MS Pos Early",566,2479,118.08626,"72-18-4","6287","C00183","HMDB00883"
"537",759,"valylglutamine","Peptide","Dipeptide",42079,"LC/MS Pos Early",100003640,2295,246.14484,"42854-54-6","5253209","",""
"538",760,"valylglycine","Peptide","Dipeptide",40475,"LC/MS Pos Early",100003641,2444,175.10772,"686-43-1","136487","",""
"539",763,"valylleucine","Peptide","Dipeptide",39994,"LC/MS Pos Early",100003210,3138,231.17032,"22906-55-4","352039","",""
"540",2607,"xanthine","Nucleotide","Purine Metabolism, (Hypo)Xanthine/Inosine containing",3147,"LC/MS Polar",1004,2023,151.02615,"69-89-6","1188","C00385","HMDB00292"
"541",2609,"xanthosine","Nucleotide","Purine Metabolism, (Hypo)Xanthine/Inosine containing",15136,"LC/MS Neg",100000299,1075.3,283.0684,"146-80-5","64959","C01762","HMDB00299"
"542",2608,"xanthosine 5'-monophosphate (xmp)","Nucleotide","Purine Metabolism, (Hypo)Xanthine/Inosine containing",12024,"LC/MS Neg",1251,580,363.03474,"25899-70-1","73323","C00655","HMDB01554"
